insert into person (person_id, full_name, birth_dt) values (1, 'Ivan Kuznetsov', '1990-07-09');
insert into person (person_id, full_name, birth_dt) values (2, 'Ivan Tarasov', '2005-09-11');
insert into person (person_id, full_name, birth_dt) values (3, 'Sergey Lebedev', '2005-06-23');
insert into person (person_id, full_name, birth_dt) values (4, 'Artem Sidorov', '2000-02-01');
insert into person (person_id, full_name, birth_dt) values (5, 'Viktor Petrov', '1990-11-05');
insert into person (person_id, full_name, birth_dt) values (6, 'Nikita Nikolaev', '2006-08-09');
insert into person (person_id, full_name, birth_dt) values (7, 'Nikita Lebedev', '2004-08-07');
insert into person (person_id, full_name, birth_dt) values (8, 'Roman Lebedev', '1988-07-25');
insert into person (person_id, full_name, birth_dt) values (9, 'Alexey Gromov', '2004-11-14');
insert into person (person_id, full_name, birth_dt) values (10, 'Mikhail Fedorov', '1990-08-22');
insert into person (person_id, full_name, birth_dt) values (11, 'Alexey Tarasov', '1990-12-15');
insert into person (person_id, full_name, birth_dt) values (12, 'Ivan Orlov', '2006-02-27');
insert into person (person_id, full_name, birth_dt) values (13, 'Maksim Morozov', '2000-09-17');
insert into person (person_id, full_name, birth_dt) values (14, 'Pavel Popov', '2003-11-24');
insert into person (person_id, full_name, birth_dt) values (15, 'Sergey Volkov', '2005-08-13');
insert into person (person_id, full_name, birth_dt) values (16, 'Sergey Belov', '1994-01-09');
insert into person (person_id, full_name, birth_dt) values (17, 'Artem Nikolaev', '1988-02-20');
insert into person (person_id, full_name, birth_dt) values (18, 'Dmitry Sidorov', '2001-01-26');
insert into person (person_id, full_name, birth_dt) values (19, 'Denis Tarasov', '1988-06-09');
insert into person (person_id, full_name, birth_dt) values (20, 'Alexey Lebedev', '2001-06-01');
insert into person (person_id, full_name, birth_dt) values (21, 'Viktor Nikolaev', '1990-12-28');
insert into person (person_id, full_name, birth_dt) values (22, 'Andrey Sidorov', '1989-09-13');
insert into person (person_id, full_name, birth_dt) values (23, 'Mikhail Tarasov', '1999-03-18');
insert into person (person_id, full_name, birth_dt) values (24, 'Pavel Fedorov', '2006-07-14');
insert into person (person_id, full_name, birth_dt) values (25, 'Pavel Ivanov', '1999-08-28');
insert into person (person_id, full_name, birth_dt) values (26, 'Denis Belov', '1997-07-26');
insert into person (person_id, full_name, birth_dt) values (27, 'Maksim Karpov', '2004-09-05');
insert into person (person_id, full_name, birth_dt) values (28, 'Denis Sokolov', '1995-10-11');
insert into person (person_id, full_name, birth_dt) values (29, 'Andrey Orlov', '1998-05-13');
insert into person (person_id, full_name, birth_dt) values (30, 'Andrey Karpov', '1994-01-07');
insert into person (person_id, full_name, birth_dt) values (31, 'Dmitry Lebedev', '2005-09-05');
insert into person (person_id, full_name, birth_dt) values (32, 'Alexey Volkov', '2003-08-24');
insert into person (person_id, full_name, birth_dt) values (33, 'Denis Gromov', '1998-07-08');
insert into person (person_id, full_name, birth_dt) values (34, 'Roman Ivanov', '2003-06-23');
insert into person (person_id, full_name, birth_dt) values (35, 'Maksim Belov', '1999-11-28');
insert into person (person_id, full_name, birth_dt) values (36, 'Mikhail Belov', '1998-04-27');
insert into person (person_id, full_name, birth_dt) values (37, 'Mikhail Petrov', '2001-07-17');
insert into person (person_id, full_name, birth_dt) values (38, 'Yegor Tarasov', '1999-02-10');
insert into person (person_id, full_name, birth_dt) values (39, 'Yegor Lebedev', '1989-07-02');
insert into person (person_id, full_name, birth_dt) values (40, 'Kirill Lebedev', '1995-11-15');
insert into person (person_id, full_name, birth_dt) values (41, 'Roman Sokolov', '1995-12-15');
insert into person (person_id, full_name, birth_dt) values (42, 'Ivan Fedorov', '1991-01-14');
insert into person (person_id, full_name, birth_dt) values (43, 'Kirill Petrov', '2003-09-05');
insert into person (person_id, full_name, birth_dt) values (44, 'Andrey Petrov', '2002-09-20');
insert into person (person_id, full_name, birth_dt) values (45, 'Maksim Tarasov', '1995-12-03');
insert into person (person_id, full_name, birth_dt) values (46, 'Artem Sokolov', '2001-01-20');
insert into person (person_id, full_name, birth_dt) values (47, 'Nikita Karpov', '1993-12-17');
insert into person (person_id, full_name, birth_dt) values (48, 'Yegor Belov', '1995-05-17');
insert into person (person_id, full_name, birth_dt) values (49, 'Alexey Kuznetsov', '1994-09-03');
insert into person (person_id, full_name, birth_dt) values (50, 'Dmitry Petrov', '2006-07-25');
insert into person (person_id, full_name, birth_dt) values (51, 'Sergey Gromov', '1992-04-07');
insert into person (person_id, full_name, birth_dt) values (52, 'Dmitry Tarasov', '1988-01-14');
insert into person (person_id, full_name, birth_dt) values (53, 'Ivan Morozov', '2001-12-10');
insert into person (person_id, full_name, birth_dt) values (54, 'Ivan Sokolov', '1992-08-08');
insert into person (person_id, full_name, birth_dt) values (55, 'Artem Orlov', '2000-02-16');
insert into person (person_id, full_name, birth_dt) values (56, 'Kirill Smirnov', '1992-02-15');
insert into person (person_id, full_name, birth_dt) values (57, 'Kirill Karpov', '1999-05-12');
insert into person (person_id, full_name, birth_dt) values (58, 'Dmitry Karpov', '1991-10-22');
insert into person (person_id, full_name, birth_dt) values (59, 'Pavel Orlov', '2000-03-14');
insert into person (person_id, full_name, birth_dt) values (60, 'Yegor Ivanov', '1993-02-11');
insert into person (person_id, full_name, birth_dt) values (61, 'Kirill Nikolaev', '1994-11-13');
insert into person (person_id, full_name, birth_dt) values (62, 'Kirill Sidorov', '1992-11-02');
insert into person (person_id, full_name, birth_dt) values (63, 'Yegor Orlov', '1995-04-26');
insert into person (person_id, full_name, birth_dt) values (64, 'Dmitry Ivanov', '1997-06-22');
insert into person (person_id, full_name, birth_dt) values (65, 'Yegor Petrov', '1989-09-03');
insert into person (person_id, full_name, birth_dt) values (66, 'Andrey Volkov', '2005-01-26');
insert into person (person_id, full_name, birth_dt) values (67, 'Ryan Roberts', '2001-09-12');
insert into person (person_id, full_name, birth_dt) values (68, 'William Brown', '1997-06-11');
insert into person (person_id, full_name, birth_dt) values (69, 'George Foster', '1988-11-10');
insert into person (person_id, full_name, birth_dt) values (70, 'Jacob Carter', '2002-02-24');
insert into person (person_id, full_name, birth_dt) values (71, 'Harry Cook', '1990-04-07');
insert into person (person_id, full_name, birth_dt) values (72, 'Mason Bennett', '2005-09-06');
insert into person (person_id, full_name, birth_dt) values (73, 'James Walker', '1994-06-06');
insert into person (person_id, full_name, birth_dt) values (74, 'Jacob Wilson', '1996-02-03');
insert into person (person_id, full_name, birth_dt) values (75, 'George Johnson', '1996-07-03');
insert into person (person_id, full_name, birth_dt) values (76, 'Ethan Wilson', '2005-02-11');
insert into person (person_id, full_name, birth_dt) values (77, 'Luke Bennett', '2002-04-01');
insert into person (person_id, full_name, birth_dt) values (78, 'Oliver Evans', '2000-06-22');
insert into person (person_id, full_name, birth_dt) values (79, 'William Smith', '2001-04-08');
insert into person (person_id, full_name, birth_dt) values (80, 'Jack Taylor', '1993-09-09');
insert into person (person_id, full_name, birth_dt) values (81, 'William Bennett', '1990-01-04');
insert into person (person_id, full_name, birth_dt) values (82, 'Jacob Brown', '2005-12-07');
insert into person (person_id, full_name, birth_dt) values (83, 'Ethan Carter', '1988-11-05');
insert into person (person_id, full_name, birth_dt) values (84, 'Harry Ward', '1994-08-02');
insert into person (person_id, full_name, birth_dt) values (85, 'Ben Johnson', '1993-11-02');
insert into person (person_id, full_name, birth_dt) values (86, 'Jacob Turner', '2000-10-23');
insert into person (person_id, full_name, birth_dt) values (87, 'Ethan Mitchell', '1990-04-03');
insert into person (person_id, full_name, birth_dt) values (88, 'Daniel Bennett', '1988-04-22');
insert into person (person_id, full_name, birth_dt) values (89, 'Adam Brown', '2001-12-16');
insert into person (person_id, full_name, birth_dt) values (90, 'Jack Cook', '2001-11-22');
insert into person (person_id, full_name, birth_dt) values (91, 'Jack Johnson', '2006-05-12');
insert into person (person_id, full_name, birth_dt) values (92, 'Thomas Ward', '1993-09-17');
insert into person (person_id, full_name, birth_dt) values (93, 'Oliver Smith', '2006-10-23');
insert into person (person_id, full_name, birth_dt) values (94, 'Ryan Wilson', '2002-11-08');
insert into person (person_id, full_name, birth_dt) values (95, 'Mason Smith', '1999-05-26');
insert into person (person_id, full_name, birth_dt) values (96, 'Adam Bennett', '2005-10-19');
insert into person (person_id, full_name, birth_dt) values (97, 'Harry Walker', '1989-06-02');
insert into person (person_id, full_name, birth_dt) values (98, 'George Ward', '1993-02-22');
insert into person (person_id, full_name, birth_dt) values (99, 'William Johnson', '2004-11-23');
insert into person (person_id, full_name, birth_dt) values (100, 'Pedro Suarez', '1995-11-26');
insert into person (person_id, full_name, birth_dt) values (101, 'Miguel Ortega', '1996-06-22');
insert into person (person_id, full_name, birth_dt) values (102, 'Iker Lopez', '2004-12-25');
insert into person (person_id, full_name, birth_dt) values (103, 'Javier Perez', '1993-11-22');
insert into person (person_id, full_name, birth_dt) values (104, 'Gonzalo Ruiz', '2004-11-06');
insert into person (person_id, full_name, birth_dt) values (105, 'Raul Garcia', '2003-03-09');
insert into person (person_id, full_name, birth_dt) values (106, 'Raul Gil', '1995-02-14');
insert into person (person_id, full_name, birth_dt) values (107, 'Marcos Molina', '1989-11-14');
insert into person (person_id, full_name, birth_dt) values (108, 'Diego Gil', '2002-01-04');
insert into person (person_id, full_name, birth_dt) values (109, 'Diego Molina', '1995-12-18');
insert into person (person_id, full_name, birth_dt) values (110, 'Adrian Molina', '1995-01-06');
insert into person (person_id, full_name, birth_dt) values (111, 'Victor Moreno', '2001-11-27');
insert into person (person_id, full_name, birth_dt) values (112, 'Pedro Perez', '1996-06-18');
insert into person (person_id, full_name, birth_dt) values (113, 'Carlos Lopez', '1991-09-05');
insert into person (person_id, full_name, birth_dt) values (114, 'Adrian Suarez', '2001-07-23');
insert into person (person_id, full_name, birth_dt) values (115, 'Javier Vega', '1995-06-23');
insert into person (person_id, full_name, birth_dt) values (116, 'Marcos Martinez', '1999-09-13');
insert into person (person_id, full_name, birth_dt) values (117, 'Iker Sanchez', '1999-03-07');
insert into person (person_id, full_name, birth_dt) values (118, 'Victor Gil', '2001-08-23');
insert into person (person_id, full_name, birth_dt) values (119, 'Pedro Navarro', '2004-07-13');
insert into person (person_id, full_name, birth_dt) values (120, 'Diego Vega', '1990-06-20');
insert into person (person_id, full_name, birth_dt) values (121, 'Marcos Suarez', '1998-01-27');
insert into person (person_id, full_name, birth_dt) values (122, 'Iker Navarro', '1992-06-20');
insert into person (person_id, full_name, birth_dt) values (123, 'Gonzalo Lopez', '2003-03-07');
insert into person (person_id, full_name, birth_dt) values (124, 'Luis Ruiz', '1997-03-07');
insert into person (person_id, full_name, birth_dt) values (125, 'Adrian Gil', '2002-05-14');
insert into person (person_id, full_name, birth_dt) values (126, 'Raul Castro', '2002-02-28');
insert into person (person_id, full_name, birth_dt) values (127, 'Miguel Suarez', '1992-04-25');
insert into person (person_id, full_name, birth_dt) values (128, 'Gonzalo Suarez', '2002-11-20');
insert into person (person_id, full_name, birth_dt) values (129, 'Sergio Rodriguez', '2004-04-23');
insert into person (person_id, full_name, birth_dt) values (130, 'Pablo Castro', '2005-02-12');
insert into person (person_id, full_name, birth_dt) values (131, 'Javier Rodriguez', '1999-12-19');
insert into person (person_id, full_name, birth_dt) values (132, 'Gonzalo Navarro', '2001-03-06');
insert into person (person_id, full_name, birth_dt) values (133, 'Simone Ricci', '1997-04-19');
insert into person (person_id, full_name, birth_dt) values (134, 'Andrea Ricci', '2002-01-06');
insert into person (person_id, full_name, birth_dt) values (135, 'Fabio Colombo', '1998-01-04');
insert into person (person_id, full_name, birth_dt) values (136, 'Marco Colombo', '2002-07-06');
insert into person (person_id, full_name, birth_dt) values (137, 'Luca Marino', '1991-07-05');
insert into person (person_id, full_name, birth_dt) values (138, 'Nicolo Romano', '2006-06-24');
insert into person (person_id, full_name, birth_dt) values (139, 'Nicolo Bruno', '2001-07-24');
insert into person (person_id, full_name, birth_dt) values (140, 'Matteo Ricci', '1995-05-24');
insert into person (person_id, full_name, birth_dt) values (141, 'Matteo Giordano', '1993-04-16');
insert into person (person_id, full_name, birth_dt) values (142, 'Andrea Colombo', '1988-08-24');
insert into person (person_id, full_name, birth_dt) values (143, 'Giacomo Marino', '2005-11-26');
insert into person (person_id, full_name, birth_dt) values (144, 'Riccardo Ferrari', '1996-05-18');
insert into person (person_id, full_name, birth_dt) values (145, 'Davide Rossi', '1990-07-17');
insert into person (person_id, full_name, birth_dt) values (146, 'Matteo Moretti', '1998-09-03');
insert into person (person_id, full_name, birth_dt) values (147, 'Enrico Moretti', '1988-03-09');
insert into person (person_id, full_name, birth_dt) values (148, 'Paolo Moretti', '1997-02-23');
insert into person (person_id, full_name, birth_dt) values (149, 'Francesco Esposito', '1995-06-23');
insert into person (person_id, full_name, birth_dt) values (150, 'Marco Esposito', '1988-11-23');
insert into person (person_id, full_name, birth_dt) values (151, 'Nicolo Costa', '1992-03-08');
insert into person (person_id, full_name, birth_dt) values (152, 'Davide Moretti', '1992-11-18');
insert into person (person_id, full_name, birth_dt) values (153, 'Francesco Costa', '1993-05-19');
insert into person (person_id, full_name, birth_dt) values (154, 'Enrico Costa', '2005-12-14');
insert into person (person_id, full_name, birth_dt) values (155, 'Philipp Becker', '2003-04-22');
insert into person (person_id, full_name, birth_dt) values (156, 'Moritz Bauer', '2002-12-20');
insert into person (person_id, full_name, birth_dt) values (157, 'Niklas Wolf', '1998-08-22');
insert into person (person_id, full_name, birth_dt) values (158, 'Finn Hoffmann', '1993-08-06');
insert into person (person_id, full_name, birth_dt) values (159, 'Finn Becker', '2004-03-06');
insert into person (person_id, full_name, birth_dt) values (160, 'Julian Neumann', '1989-07-19');
insert into person (person_id, full_name, birth_dt) values (161, 'Tobias Koch', '1992-02-08');
insert into person (person_id, full_name, birth_dt) values (162, 'Niklas Schulz', '1990-06-06');
insert into person (person_id, full_name, birth_dt) values (163, 'Florian Wolf', '2005-12-16');
insert into person (person_id, full_name, birth_dt) values (164, 'Finn Wolf', '2001-04-04');
insert into person (person_id, full_name, birth_dt) values (165, 'David Bauer', '1992-04-08');
insert into person (person_id, full_name, birth_dt) values (166, 'Leon Zimmermann', '2005-09-16');
insert into person (person_id, full_name, birth_dt) values (167, 'Niklas Wagner', '1998-07-26');
insert into person (person_id, full_name, birth_dt) values (168, 'Moritz Wagner', '1994-01-22');
insert into person (person_id, full_name, birth_dt) values (169, 'Jonas Neumann', '1997-03-18');
insert into person (person_id, full_name, birth_dt) values (170, 'Paul Weber', '1990-06-21');
insert into person (person_id, full_name, birth_dt) values (171, 'Moritz Wolf', '1989-12-25');
insert into person (person_id, full_name, birth_dt) values (172, 'David Schmidt', '2000-12-25');
insert into person (person_id, full_name, birth_dt) values (173, 'Finn Wagner', '1997-11-14');
insert into person (person_id, full_name, birth_dt) values (174, 'Jonas Wagner', '2006-06-10');
insert into person (person_id, full_name, birth_dt) values (175, 'Florian Hoffmann', '2003-06-17');
insert into person (person_id, full_name, birth_dt) values (176, 'Tim Zimmermann', '1990-11-05');
insert into person (person_id, full_name, birth_dt) values (177, 'Lucas Michel', '2000-11-16');
insert into person (person_id, full_name, birth_dt) values (178, 'Lucas Petit', '1995-03-28');
insert into person (person_id, full_name, birth_dt) values (179, 'Jules Robert', '2006-09-13');
insert into person (person_id, full_name, birth_dt) values (180, 'Lucas Dubois', '2006-12-20');
insert into person (person_id, full_name, birth_dt) values (181, 'Leo Richard', '1995-01-28');
insert into person (person_id, full_name, birth_dt) values (182, 'Leo Lefevre', '2000-09-03');
insert into person (person_id, full_name, birth_dt) values (183, 'Maxime Lefevre', '1993-10-14');
insert into person (person_id, full_name, birth_dt) values (184, 'Enzo Bernard', '1993-07-21');
insert into person (person_id, full_name, birth_dt) values (185, 'Maxime Thomas', '1988-08-01');
insert into person (person_id, full_name, birth_dt) values (186, 'Jules Dubois', '1993-12-04');
insert into person (person_id, full_name, birth_dt) values (187, 'Alexis Moreau', '1995-04-25');
insert into person (person_id, full_name, birth_dt) values (188, 'Hugo Bonnet', '1994-08-11');
insert into person (person_id, full_name, birth_dt) values (189, 'Tom Lambert', '2003-10-22');
insert into person (person_id, full_name, birth_dt) values (190, 'Hugo Roux', '1990-11-24');
insert into person (person_id, full_name, birth_dt) values (191, 'Alexis Dubois', '1992-08-19');
insert into person (person_id, full_name, birth_dt) values (192, 'Theo Durand', '1995-04-06');
insert into person (person_id, full_name, birth_dt) values (193, 'Maxime Laurent', '1991-04-08');
insert into person (person_id, full_name, birth_dt) values (194, 'Alexis Michel', '1991-04-17');
insert into person (person_id, full_name, birth_dt) values (195, 'Hugo Moreau', '1990-11-23');
insert into person (person_id, full_name, birth_dt) values (196, 'Jules Durand', '1999-06-15');
insert into person (person_id, full_name, birth_dt) values (197, 'Jules Lambert', '1989-02-26');
insert into person (person_id, full_name, birth_dt) values (198, 'Hugo Lambert', '2000-04-17');
insert into person (person_id, full_name, birth_dt) values (199, 'Bruno Silva', '2005-12-22');
insert into person (person_id, full_name, birth_dt) values (200, 'Ricardo Oliveira', '1992-12-28');
insert into person (person_id, full_name, birth_dt) values (201, 'Nuno Sousa', '1996-02-28');
insert into person (person_id, full_name, birth_dt) values (202, 'Miguel Moreira', '1990-05-14');
insert into person (person_id, full_name, birth_dt) values (203, 'Bernardo Gomes', '1991-03-15');
insert into person (person_id, full_name, birth_dt) values (204, 'Tomas Sousa', '2005-12-18');
insert into person (person_id, full_name, birth_dt) values (205, 'Rodrigo Sousa', '1993-04-25');
insert into person (person_id, full_name, birth_dt) values (206, 'Ruben Santos', '1990-08-28');
insert into person (person_id, full_name, birth_dt) values (207, 'Bruno Teixeira', '1997-06-18');
insert into person (person_id, full_name, birth_dt) values (208, 'Miguel Silva', '2004-02-15');
insert into person (person_id, full_name, birth_dt) values (209, 'Ricardo Correia', '1992-11-15');
insert into person (person_id, full_name, birth_dt) values (210, 'Koen Bos', '1992-04-03');
insert into person (person_id, full_name, birth_dt) values (211, 'Jesse Vos', '1998-03-11');
insert into person (person_id, full_name, birth_dt) values (212, 'Sem Mulder', '2006-12-02');
insert into person (person_id, full_name, birth_dt) values (213, 'Noah Jansen', '1996-04-10');
insert into person (person_id, full_name, birth_dt) values (214, 'Timo deVries', '1994-04-28');
insert into person (person_id, full_name, birth_dt) values (215, 'Bram Vos', '1992-06-06');
insert into person (person_id, full_name, birth_dt) values (216, 'Niels Mulder', '2001-12-27');
insert into person (person_id, full_name, birth_dt) values (217, 'Finn Hoekstra', '1988-12-08');
insert into person (person_id, full_name, birth_dt) values (218, 'Finn Vos', '1997-01-24');
insert into person (person_id, full_name, birth_dt) values (219, 'Koen Kuipers', '1995-01-28');
insert into person (person_id, full_name, birth_dt) values (220, 'Milan vanDijk', '2006-02-07');
insert into person (person_id, full_name, birth_dt) values (221, 'Ivan Volkov', '1971-03-06');
insert into person (person_id, full_name, birth_dt) values (222, 'Alexey Karpov', '1968-01-03');
insert into person (person_id, full_name, birth_dt) values (223, 'Alexey Sokolov', '1973-12-14');
insert into person (person_id, full_name, birth_dt) values (224, 'Yegor Kuznetsov', '1974-11-13');
insert into person (person_id, full_name, birth_dt) values (225, 'Alexey Fedorov', '1973-04-10');
insert into person (person_id, full_name, birth_dt) values (226, 'Kirill Ivanov', '1980-03-11');
insert into person (person_id, full_name, birth_dt) values (227, 'Ben Evans', '1991-05-27');
insert into person (person_id, full_name, birth_dt) values (228, 'Oliver Parker', '1993-10-16');
insert into person (person_id, full_name, birth_dt) values (229, 'Daniel Taylor', '1974-06-22');
insert into person (person_id, full_name, birth_dt) values (230, 'Carlos Navarro', '1983-11-14');
insert into person (person_id, full_name, birth_dt) values (231, 'Adrian Ruiz', '1974-07-04');
insert into person (person_id, full_name, birth_dt) values (232, 'Miguel Castro', '1979-02-21');
insert into person (person_id, full_name, birth_dt) values (233, 'Alessio Giordano', '1991-04-06');
insert into person (person_id, full_name, birth_dt) values (234, 'Simone Esposito', '1968-05-18');
insert into person (person_id, full_name, birth_dt) values (235, 'Niklas Schneider', '1968-06-22');
insert into person (person_id, full_name, birth_dt) values (236, 'Moritz Schulz', '1982-08-13');
insert into person (person_id, full_name, birth_dt) values (237, 'Tom Richard', '1970-07-22');
insert into person (person_id, full_name, birth_dt) values (238, 'Louis Bernard', '1990-01-14');
insert into person (person_id, full_name, birth_dt) values (239, 'Tomas Pereira', '1975-05-22');
insert into person (person_id, full_name, birth_dt) values (240, 'Jurre Bos', '1986-03-10');
insert into person (person_id, full_name, birth_dt) values (241, 'Scott Stewart', '1979-05-10');
insert into person (person_id, full_name, birth_dt) values (242, 'Luis Lopez', '1981-12-03');
insert into person (person_id, full_name, birth_dt) values (243, 'Luis Fernandez', '1971-09-17');
insert into person (person_id, full_name, birth_dt) values (244, 'Bartosz Kowalski', '1974-05-09');
insert into person (person_id, full_name, birth_dt) values (245, 'Elias Svensson', '1989-03-18');
insert into person (person_id, full_name, birth_dt) values (246, 'Arthur Araujo', '1983-04-01');
insert into person (person_id, full_name, birth_dt) values (247, 'Goncalo Pinto', '1971-06-10');
insert into person (person_id, full_name, birth_dt) values (248, 'Harry Reed', '1974-11-12');
insert into person (person_id, full_name, birth_dt) values (249, 'Antonio Matic', '1997-10-24');
insert into person (person_id, full_name, birth_dt) values (250, 'Noah Sorum', '1978-04-17');
insert into person (person_id, full_name, birth_dt) values (251, 'Tomas Alvarez', '1992-09-25');
insert into person (person_id, full_name, birth_dt) values (252, 'Oliver Sorum', '1991-08-25');
insert into person (person_id, full_name, birth_dt) values (253, 'Volodymyr Oliynyk', '1994-08-16');
insert into person (person_id, full_name, birth_dt) values (254, 'Marius Larsen', '1998-07-18');
insert into person (person_id, full_name, birth_dt) values (255, 'Koen vanLeeuwen', '1972-05-10');
insert into person (person_id, full_name, birth_dt) values (256, 'Mathis Michel', '1974-11-21');
insert into person (person_id, full_name, birth_dt) values (257, 'Raul Fernandez', '1981-02-14');
insert into person (person_id, full_name, birth_dt) values (258, 'Oleksandr Mazur', '1992-03-17');
insert into person (person_id, full_name, birth_dt) values (259, 'Juan Diaz', '1986-03-06');
insert into person (person_id, full_name, birth_dt) values (260, 'Mikhail Smirnov', '1977-06-02');
insert into person (person_id, full_name, birth_dt) values (261, 'Tomas Aguirre', '1992-03-11');
insert into person (person_id, full_name, birth_dt) values (262, 'Jack Ward', '1985-09-04');
insert into person (person_id, full_name, birth_dt) values (263, 'Tomas Santos', '2004-02-01');
insert into person (person_id, full_name, birth_dt) values (264, 'Emil Karlsson', '1992-03-22');
insert into person (person_id, full_name, birth_dt) values (265, 'Kamil Staszewski', '1996-08-02');
insert into person (person_id, full_name, birth_dt) values (266, 'Harry Taylor', '1980-01-28');
insert into person (person_id, full_name, birth_dt) values (267, 'Mihajlo Markovic', '1983-09-25');
insert into person (person_id, full_name, birth_dt) values (268, 'Miguel Lopez', '1995-08-25');
insert into person (person_id, full_name, birth_dt) values (269, 'Leo Holm', '2000-05-03');
insert into person (person_id, full_name, birth_dt) values (270, 'Felix Neumann', '1985-02-20');
insert into person (person_id, full_name, birth_dt) values (271, 'Artem Zakharchenko', '1982-07-11');
insert into person (person_id, full_name, birth_dt) values (272, 'Marko Matic', '1976-11-02');
insert into person (person_id, full_name, birth_dt) values (273, 'Dusan Nikolic', '1999-09-09');
insert into person (person_id, full_name, birth_dt) values (274, 'Lucas Pettersson', '2001-10-03');
insert into person (person_id, full_name, birth_dt) values (275, 'Lucas Andersson', '1981-07-14');
insert into person (person_id, full_name, birth_dt) values (276, 'Dusan Savic', '2003-05-10');
insert into person (person_id, full_name, birth_dt) values (277, 'Lovro Bartulic', '2000-04-19');
insert into person (person_id, full_name, birth_dt) values (278, 'Kerem Ozdemir', '1975-05-11');
insert into person (person_id, full_name, birth_dt) values (279, 'Martin Lopez', '1983-12-18');
insert into person (person_id, full_name, birth_dt) values (280, 'Hugo Henri', '1972-08-25');
insert into nation (nation_id, country) values (1, 'Russia');
insert into nation (nation_id, country) values (2, 'England');
insert into nation (nation_id, country) values (3, 'Spain');
insert into nation (nation_id, country) values (4, 'Italy');
insert into nation (nation_id, country) values (5, 'Germany');
insert into nation (nation_id, country) values (6, 'France');
insert into nation (nation_id, country) values (7, 'Brazil');
insert into nation (nation_id, country) values (8, 'Argentina');
insert into nation (nation_id, country) values (9, 'Portugal');
insert into nation (nation_id, country) values (10, 'Netherlands');
insert into nation (nation_id, country) values (11, 'Belgium');
insert into nation (nation_id, country) values (12, 'Croatia');
insert into nation (nation_id, country) values (13, 'Serbia');
insert into nation (nation_id, country) values (14, 'Ukraine');
insert into nation (nation_id, country) values (15, 'Poland');
insert into nation (nation_id, country) values (16, 'Turkey');
insert into nation (nation_id, country) values (17, 'Scotland');
insert into nation (nation_id, country) values (18, 'Sweden');
insert into nation (nation_id, country) values (19, 'Norway');
insert into nation (nation_id, country) values (20, 'Denmark');
insert into nationality (person_id, nation_id) values (1, 1);
insert into nationality (person_id, nation_id) values (2, 1);
insert into nationality (person_id, nation_id) values (3, 1);
insert into nationality (person_id, nation_id) values (3, 16);
insert into nationality (person_id, nation_id) values (4, 1);
insert into nationality (person_id, nation_id) values (4, 4);
insert into nationality (person_id, nation_id) values (5, 1);
insert into nationality (person_id, nation_id) values (6, 1);
insert into nationality (person_id, nation_id) values (7, 1);
insert into nationality (person_id, nation_id) values (8, 1);
insert into nationality (person_id, nation_id) values (9, 1);
insert into nationality (person_id, nation_id) values (10, 1);
insert into nationality (person_id, nation_id) values (11, 1);
insert into nationality (person_id, nation_id) values (11, 6);
insert into nationality (person_id, nation_id) values (12, 1);
insert into nationality (person_id, nation_id) values (13, 1);
insert into nationality (person_id, nation_id) values (13, 12);
insert into nationality (person_id, nation_id) values (14, 1);
insert into nationality (person_id, nation_id) values (15, 1);
insert into nationality (person_id, nation_id) values (16, 1);
insert into nationality (person_id, nation_id) values (17, 1);
insert into nationality (person_id, nation_id) values (18, 1);
insert into nationality (person_id, nation_id) values (19, 1);
insert into nationality (person_id, nation_id) values (20, 1);
insert into nationality (person_id, nation_id) values (21, 1);
insert into nationality (person_id, nation_id) values (22, 1);
insert into nationality (person_id, nation_id) values (23, 1);
insert into nationality (person_id, nation_id) values (24, 1);
insert into nationality (person_id, nation_id) values (25, 1);
insert into nationality (person_id, nation_id) values (26, 1);
insert into nationality (person_id, nation_id) values (27, 1);
insert into nationality (person_id, nation_id) values (28, 1);
insert into nationality (person_id, nation_id) values (28, 9);
insert into nationality (person_id, nation_id) values (29, 1);
insert into nationality (person_id, nation_id) values (30, 1);
insert into nationality (person_id, nation_id) values (31, 1);
insert into nationality (person_id, nation_id) values (31, 9);
insert into nationality (person_id, nation_id) values (32, 1);
insert into nationality (person_id, nation_id) values (33, 1);
insert into nationality (person_id, nation_id) values (34, 1);
insert into nationality (person_id, nation_id) values (35, 1);
insert into nationality (person_id, nation_id) values (35, 12);
insert into nationality (person_id, nation_id) values (36, 1);
insert into nationality (person_id, nation_id) values (37, 1);
insert into nationality (person_id, nation_id) values (38, 1);
insert into nationality (person_id, nation_id) values (38, 19);
insert into nationality (person_id, nation_id) values (39, 1);
insert into nationality (person_id, nation_id) values (40, 1);
insert into nationality (person_id, nation_id) values (41, 1);
insert into nationality (person_id, nation_id) values (42, 1);
insert into nationality (person_id, nation_id) values (43, 1);
insert into nationality (person_id, nation_id) values (44, 1);
insert into nationality (person_id, nation_id) values (45, 1);
insert into nationality (person_id, nation_id) values (46, 1);
insert into nationality (person_id, nation_id) values (47, 1);
insert into nationality (person_id, nation_id) values (48, 1);
insert into nationality (person_id, nation_id) values (48, 15);
insert into nationality (person_id, nation_id) values (49, 1);
insert into nationality (person_id, nation_id) values (50, 1);
insert into nationality (person_id, nation_id) values (51, 1);
insert into nationality (person_id, nation_id) values (52, 1);
insert into nationality (person_id, nation_id) values (53, 1);
insert into nationality (person_id, nation_id) values (54, 1);
insert into nationality (person_id, nation_id) values (55, 1);
insert into nationality (person_id, nation_id) values (56, 1);
insert into nationality (person_id, nation_id) values (57, 1);
insert into nationality (person_id, nation_id) values (58, 1);
insert into nationality (person_id, nation_id) values (59, 1);
insert into nationality (person_id, nation_id) values (60, 1);
insert into nationality (person_id, nation_id) values (61, 1);
insert into nationality (person_id, nation_id) values (62, 1);
insert into nationality (person_id, nation_id) values (63, 1);
insert into nationality (person_id, nation_id) values (64, 1);
insert into nationality (person_id, nation_id) values (65, 1);
insert into nationality (person_id, nation_id) values (66, 1);
insert into nationality (person_id, nation_id) values (67, 2);
insert into nationality (person_id, nation_id) values (68, 2);
insert into nationality (person_id, nation_id) values (69, 2);
insert into nationality (person_id, nation_id) values (70, 2);
insert into nationality (person_id, nation_id) values (70, 13);
insert into nationality (person_id, nation_id) values (71, 2);
insert into nationality (person_id, nation_id) values (72, 2);
insert into nationality (person_id, nation_id) values (73, 2);
insert into nationality (person_id, nation_id) values (74, 1);
insert into nationality (person_id, nation_id) values (74, 2);
insert into nationality (person_id, nation_id) values (75, 2);
insert into nationality (person_id, nation_id) values (75, 6);
insert into nationality (person_id, nation_id) values (76, 2);
insert into nationality (person_id, nation_id) values (77, 2);
insert into nationality (person_id, nation_id) values (78, 2);
insert into nationality (person_id, nation_id) values (79, 2);
insert into nationality (person_id, nation_id) values (80, 2);
insert into nationality (person_id, nation_id) values (81, 2);
insert into nationality (person_id, nation_id) values (82, 2);
insert into nationality (person_id, nation_id) values (83, 2);
insert into nationality (person_id, nation_id) values (83, 18);
insert into nationality (person_id, nation_id) values (84, 2);
insert into nationality (person_id, nation_id) values (85, 2);
insert into nationality (person_id, nation_id) values (86, 2);
insert into nationality (person_id, nation_id) values (86, 20);
insert into nationality (person_id, nation_id) values (87, 2);
insert into nationality (person_id, nation_id) values (88, 2);
insert into nationality (person_id, nation_id) values (89, 2);
insert into nationality (person_id, nation_id) values (90, 2);
insert into nationality (person_id, nation_id) values (90, 4);
insert into nationality (person_id, nation_id) values (91, 2);
insert into nationality (person_id, nation_id) values (92, 2);
insert into nationality (person_id, nation_id) values (93, 2);
insert into nationality (person_id, nation_id) values (94, 2);
insert into nationality (person_id, nation_id) values (95, 2);
insert into nationality (person_id, nation_id) values (96, 2);
insert into nationality (person_id, nation_id) values (97, 2);
insert into nationality (person_id, nation_id) values (98, 2);
insert into nationality (person_id, nation_id) values (99, 2);
insert into nationality (person_id, nation_id) values (100, 3);
insert into nationality (person_id, nation_id) values (101, 1);
insert into nationality (person_id, nation_id) values (101, 3);
insert into nationality (person_id, nation_id) values (102, 3);
insert into nationality (person_id, nation_id) values (103, 3);
insert into nationality (person_id, nation_id) values (104, 3);
insert into nationality (person_id, nation_id) values (105, 3);
insert into nationality (person_id, nation_id) values (106, 3);
insert into nationality (person_id, nation_id) values (107, 3);
insert into nationality (person_id, nation_id) values (108, 3);
insert into nationality (person_id, nation_id) values (109, 3);
insert into nationality (person_id, nation_id) values (110, 3);
insert into nationality (person_id, nation_id) values (111, 3);
insert into nationality (person_id, nation_id) values (112, 3);
insert into nationality (person_id, nation_id) values (113, 3);
insert into nationality (person_id, nation_id) values (113, 13);
insert into nationality (person_id, nation_id) values (114, 3);
insert into nationality (person_id, nation_id) values (115, 3);
insert into nationality (person_id, nation_id) values (116, 3);
insert into nationality (person_id, nation_id) values (117, 3);
insert into nationality (person_id, nation_id) values (118, 3);
insert into nationality (person_id, nation_id) values (119, 3);
insert into nationality (person_id, nation_id) values (119, 7);
insert into nationality (person_id, nation_id) values (120, 3);
insert into nationality (person_id, nation_id) values (121, 3);
insert into nationality (person_id, nation_id) values (122, 3);
insert into nationality (person_id, nation_id) values (123, 3);
insert into nationality (person_id, nation_id) values (124, 3);
insert into nationality (person_id, nation_id) values (125, 3);
insert into nationality (person_id, nation_id) values (126, 3);
insert into nationality (person_id, nation_id) values (127, 3);
insert into nationality (person_id, nation_id) values (128, 3);
insert into nationality (person_id, nation_id) values (129, 3);
insert into nationality (person_id, nation_id) values (130, 3);
insert into nationality (person_id, nation_id) values (131, 3);
insert into nationality (person_id, nation_id) values (132, 3);
insert into nationality (person_id, nation_id) values (133, 4);
insert into nationality (person_id, nation_id) values (134, 4);
insert into nationality (person_id, nation_id) values (135, 4);
insert into nationality (person_id, nation_id) values (136, 4);
insert into nationality (person_id, nation_id) values (137, 4);
insert into nationality (person_id, nation_id) values (138, 4);
insert into nationality (person_id, nation_id) values (139, 4);
insert into nationality (person_id, nation_id) values (140, 4);
insert into nationality (person_id, nation_id) values (141, 4);
insert into nationality (person_id, nation_id) values (142, 4);
insert into nationality (person_id, nation_id) values (143, 4);
insert into nationality (person_id, nation_id) values (144, 4);
insert into nationality (person_id, nation_id) values (145, 4);
insert into nationality (person_id, nation_id) values (146, 4);
insert into nationality (person_id, nation_id) values (147, 4);
insert into nationality (person_id, nation_id) values (148, 4);
insert into nationality (person_id, nation_id) values (149, 4);
insert into nationality (person_id, nation_id) values (150, 4);
insert into nationality (person_id, nation_id) values (151, 4);
insert into nationality (person_id, nation_id) values (152, 4);
insert into nationality (person_id, nation_id) values (152, 17);
insert into nationality (person_id, nation_id) values (153, 4);
insert into nationality (person_id, nation_id) values (154, 4);
insert into nationality (person_id, nation_id) values (155, 5);
insert into nationality (person_id, nation_id) values (156, 5);
insert into nationality (person_id, nation_id) values (157, 5);
insert into nationality (person_id, nation_id) values (158, 5);
insert into nationality (person_id, nation_id) values (158, 7);
insert into nationality (person_id, nation_id) values (159, 5);
insert into nationality (person_id, nation_id) values (160, 5);
insert into nationality (person_id, nation_id) values (161, 5);
insert into nationality (person_id, nation_id) values (162, 5);
insert into nationality (person_id, nation_id) values (163, 5);
insert into nationality (person_id, nation_id) values (164, 5);
insert into nationality (person_id, nation_id) values (165, 5);
insert into nationality (person_id, nation_id) values (166, 5);
insert into nationality (person_id, nation_id) values (167, 5);
insert into nationality (person_id, nation_id) values (168, 2);
insert into nationality (person_id, nation_id) values (168, 5);
insert into nationality (person_id, nation_id) values (169, 5);
insert into nationality (person_id, nation_id) values (170, 5);
insert into nationality (person_id, nation_id) values (171, 5);
insert into nationality (person_id, nation_id) values (172, 5);
insert into nationality (person_id, nation_id) values (173, 5);
insert into nationality (person_id, nation_id) values (174, 5);
insert into nationality (person_id, nation_id) values (175, 5);
insert into nationality (person_id, nation_id) values (176, 5);
insert into nationality (person_id, nation_id) values (177, 6);
insert into nationality (person_id, nation_id) values (178, 6);
insert into nationality (person_id, nation_id) values (179, 6);
insert into nationality (person_id, nation_id) values (180, 6);
insert into nationality (person_id, nation_id) values (181, 6);
insert into nationality (person_id, nation_id) values (182, 6);
insert into nationality (person_id, nation_id) values (183, 6);
insert into nationality (person_id, nation_id) values (184, 6);
insert into nationality (person_id, nation_id) values (185, 6);
insert into nationality (person_id, nation_id) values (186, 6);
insert into nationality (person_id, nation_id) values (187, 6);
insert into nationality (person_id, nation_id) values (188, 6);
insert into nationality (person_id, nation_id) values (189, 6);
insert into nationality (person_id, nation_id) values (190, 6);
insert into nationality (person_id, nation_id) values (191, 6);
insert into nationality (person_id, nation_id) values (192, 6);
insert into nationality (person_id, nation_id) values (193, 6);
insert into nationality (person_id, nation_id) values (194, 6);
insert into nationality (person_id, nation_id) values (195, 6);
insert into nationality (person_id, nation_id) values (196, 6);
insert into nationality (person_id, nation_id) values (197, 6);
insert into nationality (person_id, nation_id) values (198, 6);
insert into nationality (person_id, nation_id) values (199, 9);
insert into nationality (person_id, nation_id) values (200, 9);
insert into nationality (person_id, nation_id) values (201, 9);
insert into nationality (person_id, nation_id) values (202, 9);
insert into nationality (person_id, nation_id) values (203, 9);
insert into nationality (person_id, nation_id) values (203, 17);
insert into nationality (person_id, nation_id) values (204, 9);
insert into nationality (person_id, nation_id) values (205, 9);
insert into nationality (person_id, nation_id) values (206, 9);
insert into nationality (person_id, nation_id) values (207, 9);
insert into nationality (person_id, nation_id) values (207, 14);
insert into nationality (person_id, nation_id) values (208, 4);
insert into nationality (person_id, nation_id) values (208, 9);
insert into nationality (person_id, nation_id) values (209, 9);
insert into nationality (person_id, nation_id) values (210, 10);
insert into nationality (person_id, nation_id) values (211, 10);
insert into nationality (person_id, nation_id) values (212, 10);
insert into nationality (person_id, nation_id) values (213, 7);
insert into nationality (person_id, nation_id) values (213, 10);
insert into nationality (person_id, nation_id) values (214, 10);
insert into nationality (person_id, nation_id) values (215, 10);
insert into nationality (person_id, nation_id) values (216, 10);
insert into nationality (person_id, nation_id) values (217, 10);
insert into nationality (person_id, nation_id) values (218, 10);
insert into nationality (person_id, nation_id) values (219, 10);
insert into nationality (person_id, nation_id) values (220, 10);
insert into nationality (person_id, nation_id) values (221, 1);
insert into nationality (person_id, nation_id) values (222, 1);
insert into nationality (person_id, nation_id) values (223, 1);
insert into nationality (person_id, nation_id) values (224, 1);
insert into nationality (person_id, nation_id) values (225, 1);
insert into nationality (person_id, nation_id) values (226, 1);
insert into nationality (person_id, nation_id) values (227, 2);
insert into nationality (person_id, nation_id) values (228, 2);
insert into nationality (person_id, nation_id) values (228, 14);
insert into nationality (person_id, nation_id) values (229, 2);
insert into nationality (person_id, nation_id) values (230, 3);
insert into nationality (person_id, nation_id) values (231, 3);
insert into nationality (person_id, nation_id) values (232, 3);
insert into nationality (person_id, nation_id) values (233, 4);
insert into nationality (person_id, nation_id) values (234, 4);
insert into nationality (person_id, nation_id) values (235, 5);
insert into nationality (person_id, nation_id) values (236, 5);
insert into nationality (person_id, nation_id) values (237, 6);
insert into nationality (person_id, nation_id) values (238, 6);
insert into nationality (person_id, nation_id) values (239, 9);
insert into nationality (person_id, nation_id) values (240, 10);
insert into nationality (person_id, nation_id) values (241, 17);
insert into nationality (person_id, nation_id) values (242, 3);
insert into nationality (person_id, nation_id) values (242, 20);
insert into nationality (person_id, nation_id) values (243, 3);
insert into nationality (person_id, nation_id) values (244, 4);
insert into nationality (person_id, nation_id) values (244, 15);
insert into nationality (person_id, nation_id) values (245, 18);
insert into nationality (person_id, nation_id) values (246, 7);
insert into nationality (person_id, nation_id) values (247, 9);
insert into nationality (person_id, nation_id) values (248, 2);
insert into nationality (person_id, nation_id) values (249, 12);
insert into nationality (person_id, nation_id) values (250, 7);
insert into nationality (person_id, nation_id) values (250, 19);
insert into nationality (person_id, nation_id) values (251, 8);
insert into nationality (person_id, nation_id) values (252, 19);
insert into nationality (person_id, nation_id) values (253, 14);
insert into nationality (person_id, nation_id) values (254, 19);
insert into nationality (person_id, nation_id) values (255, 10);
insert into nationality (person_id, nation_id) values (256, 6);
insert into nationality (person_id, nation_id) values (257, 3);
insert into nationality (person_id, nation_id) values (258, 14);
insert into nationality (person_id, nation_id) values (259, 2);
insert into nationality (person_id, nation_id) values (259, 8);
insert into nationality (person_id, nation_id) values (260, 1);
insert into nationality (person_id, nation_id) values (261, 8);
insert into nationality (person_id, nation_id) values (262, 2);
insert into nationality (person_id, nation_id) values (263, 9);
insert into nationality (person_id, nation_id) values (264, 18);
insert into nationality (person_id, nation_id) values (265, 15);
insert into nationality (person_id, nation_id) values (266, 2);
insert into nationality (person_id, nation_id) values (266, 17);
insert into nationality (person_id, nation_id) values (267, 13);
insert into nationality (person_id, nation_id) values (268, 3);
insert into nationality (person_id, nation_id) values (268, 8);
insert into nationality (person_id, nation_id) values (269, 18);
insert into nationality (person_id, nation_id) values (270, 5);
insert into nationality (person_id, nation_id) values (271, 14);
insert into nationality (person_id, nation_id) values (272, 12);
insert into nationality (person_id, nation_id) values (273, 13);
insert into nationality (person_id, nation_id) values (274, 18);
insert into nationality (person_id, nation_id) values (275, 18);
insert into nationality (person_id, nation_id) values (276, 13);
insert into nationality (person_id, nation_id) values (277, 12);
insert into nationality (person_id, nation_id) values (278, 16);
insert into nationality (person_id, nation_id) values (279, 8);
insert into nationality (person_id, nation_id) values (280, 11);
insert into player (person_id, nick, working_foot, is_finished, role) values (1, 'Kuznetsov', 'both', false, 'goalkeeper');
insert into player (person_id, nick, working_foot, is_finished, role) values (2, 'Tarasov', 'left', false, 'defender');
insert into player (person_id, nick, working_foot, is_finished, role) values (3, 'Lebedev', 'left', false, 'defender');
insert into player (person_id, nick, working_foot, is_finished, role) values (4, 'Sidorov', 'right', false, 'defender');
insert into player (person_id, nick, working_foot, is_finished, role) values (5, 'Petrov', 'both', false, 'defender');
insert into player (person_id, nick, working_foot, is_finished, role) values (6, 'Nikolaev', 'left', false, 'midfielder');
insert into player (person_id, nick, working_foot, is_finished, role) values (7, 'Lebedev', 'right', false, 'midfielder');
insert into player (person_id, nick, working_foot, is_finished, role) values (8, 'Lebedev', 'right', false, 'midfielder');
insert into player (person_id, nick, working_foot, is_finished, role) values (9, 'Gromov', 'left', false, 'midfielder');
insert into player (person_id, nick, working_foot, is_finished, role) values (10, 'Fedorov', 'right', false, 'forward');
insert into player (person_id, nick, working_foot, is_finished, role) values (11, 'Tarasov', 'right', false, 'forward');
insert into player (person_id, nick, working_foot, is_finished, role) values (12, 'Orlov', 'left', false, 'goalkeeper');
insert into player (person_id, nick, working_foot, is_finished, role) values (13, 'Morozov', 'both', false, 'defender');
insert into player (person_id, nick, working_foot, is_finished, role) values (14, 'Popov', 'right', false, 'defender');
insert into player (person_id, nick, working_foot, is_finished, role) values (15, 'Volkov', 'left', false, 'defender');
insert into player (person_id, nick, working_foot, is_finished, role) values (16, 'Belov', 'right', false, 'defender');
insert into player (person_id, nick, working_foot, is_finished, role) values (17, 'Nikolaev', 'right', false, 'midfielder');
insert into player (person_id, nick, working_foot, is_finished, role) values (18, 'Sidorov', 'left', false, 'midfielder');
insert into player (person_id, nick, working_foot, is_finished, role) values (19, 'Taraso', 'left', false, 'midfielder');
insert into player (person_id, nick, working_foot, is_finished, role) values (20, 'Lebedev', 'both', false, 'midfielder');
insert into player (person_id, nick, working_foot, is_finished, role) values (21, 'Nikolaev', 'right', false, 'forward');
insert into player (person_id, nick, working_foot, is_finished, role) values (22, 'Sidorov', 'left', false, 'forward');
insert into player (person_id, nick, working_foot, is_finished, role) values (23, 'Taraso', 'right', false, 'goalkeeper');
insert into player (person_id, nick, working_foot, is_finished, role) values (24, 'Fedorov', 'left', false, 'defender');
insert into player (person_id, nick, working_foot, is_finished, role) values (25, 'Ivanov', 'right', false, 'defender');
insert into player (person_id, nick, working_foot, is_finished, role) values (26, 'Belov', 'left', false, 'defender');
insert into player (person_id, nick, working_foot, is_finished, role) values (27, 'Karpov', 'left', false, 'defender');
insert into player (person_id, nick, working_foot, is_finished, role) values (28, 'Sokolov', 'both', false, 'midfielder');
insert into player (person_id, nick, working_foot, is_finished, role) values (29, 'Orlov', 'right', false, 'midfielder');
insert into player (person_id, nick, working_foot, is_finished, role) values (30, 'Karpov', 'right', false, 'midfielder');
insert into player (person_id, nick, working_foot, is_finished, role) values (31, 'Lebede', 'right', false, 'midfielder');
insert into player (person_id, nick, working_foot, is_finished, role) values (32, 'Volkov', 'left', false, 'forward');
insert into player (person_id, nick, working_foot, is_finished, role) values (33, 'Gromov', 'both', false, 'forward');
insert into player (person_id, nick, working_foot, is_finished, role) values (34, 'Ivanov', 'right', false, 'goalkeeper');
insert into player (person_id, nick, working_foot, is_finished, role) values (35, 'Belov', 'right', false, 'defender');
insert into player (person_id, nick, working_foot, is_finished, role) values (36, 'Belov', 'right', false, 'defender');
insert into player (person_id, nick, working_foot, is_finished, role) values (37, 'Petrov', 'both', false, 'defender');
insert into player (person_id, nick, working_foot, is_finished, role) values (38, 'Tarasov', 'right', false, 'defender');
insert into player (person_id, nick, working_foot, is_finished, role) values (39, 'Lebedev', 'right', false, 'midfielder');
insert into player (person_id, nick, working_foot, is_finished, role) values (40, 'Lebedev', 'right', false, 'midfielder');
insert into player (person_id, nick, working_foot, is_finished, role) values (41, 'Sokolov', 'both', false, 'midfielder');
insert into player (person_id, nick, working_foot, is_finished, role) values (42, 'Fedorov', 'right', false, 'midfielder');
insert into player (person_id, nick, working_foot, is_finished, role) values (43, 'Petrov', 'right', false, 'forward');
insert into player (person_id, nick, working_foot, is_finished, role) values (44, 'Petrov', 'right', false, 'forward');
insert into player (person_id, nick, working_foot, is_finished, role) values (45, 'Taraso', 'right', false, 'goalkeeper');
insert into player (person_id, nick, working_foot, is_finished, role) values (46, 'Sokolov', 'right', false, 'defender');
insert into player (person_id, nick, working_foot, is_finished, role) values (47, 'Karpov', 'right', false, 'defender');
insert into player (person_id, nick, working_foot, is_finished, role) values (48, 'Belov', 'right', false, 'defender');
insert into player (person_id, nick, working_foot, is_finished, role) values (49, 'Kuznetsov', 'right', false, 'defender');
insert into player (person_id, nick, working_foot, is_finished, role) values (50, 'Petrov', 'right', false, 'midfielder');
insert into player (person_id, nick, working_foot, is_finished, role) values (51, 'Gromov', 'both', false, 'midfielder');
insert into player (person_id, nick, working_foot, is_finished, role) values (52, 'Tarasov', 'right', false, 'midfielder');
insert into player (person_id, nick, working_foot, is_finished, role) values (53, 'Morozo', 'right', false, 'midfielder');
insert into player (person_id, nick, working_foot, is_finished, role) values (54, 'Sokolov', 'right', false, 'forward');
insert into player (person_id, nick, working_foot, is_finished, role) values (55, 'Orlov', 'right', false, 'forward');
insert into player (person_id, nick, working_foot, is_finished, role) values (56, 'Smirno', 'right', false, 'goalkeeper');
insert into player (person_id, nick, working_foot, is_finished, role) values (57, 'Karpov', 'both', false, 'defender');
insert into player (person_id, nick, working_foot, is_finished, role) values (58, 'Karpov', 'left', false, 'defender');
insert into player (person_id, nick, working_foot, is_finished, role) values (59, 'Orlov', 'right', false, 'defender');
insert into player (person_id, nick, working_foot, is_finished, role) values (60, 'Ivanov', 'left', false, 'defender');
insert into player (person_id, nick, working_foot, is_finished, role) values (61, 'Nikolaev', 'left', false, 'midfielder');
insert into player (person_id, nick, working_foot, is_finished, role) values (62, 'Sidorov', 'both', false, 'midfielder');
insert into player (person_id, nick, working_foot, is_finished, role) values (63, 'Orlov', 'right', false, 'midfielder');
insert into player (person_id, nick, working_foot, is_finished, role) values (64, 'Ivanov', 'right', false, 'midfielder');
insert into player (person_id, nick, working_foot, is_finished, role) values (65, 'Petrov', 'right', false, 'forward');
insert into player (person_id, nick, working_foot, is_finished, role) values (66, 'Volkov', 'right', false, 'forward');
insert into player (person_id, nick, working_foot, is_finished, role) values (67, 'Roberts', 'left', false, 'goalkeeper');
insert into player (person_id, nick, working_foot, is_finished, role) values (68, 'Brown', 'left', false, 'defender');
insert into player (person_id, nick, working_foot, is_finished, role) values (69, 'Foster', 'right', false, 'defender');
insert into player (person_id, nick, working_foot, is_finished, role) values (70, 'Carter', 'right', false, 'defender');
insert into player (person_id, nick, working_foot, is_finished, role) values (71, 'Cook', 'right', false, 'defender');
insert into player (person_id, nick, working_foot, is_finished, role) values (72, 'Bennett', 'right', false, 'midfielder');
insert into player (person_id, nick, working_foot, is_finished, role) values (73, 'Walker', 'both', false, 'midfielder');
insert into player (person_id, nick, working_foot, is_finished, role) values (74, 'Wilson', 'both', false, 'midfielder');
insert into player (person_id, nick, working_foot, is_finished, role) values (75, 'Johnson', 'right', false, 'midfielder');
insert into player (person_id, nick, working_foot, is_finished, role) values (76, 'Wilson', 'right', false, 'forward');
insert into player (person_id, nick, working_foot, is_finished, role) values (77, 'Bennett', 'left', false, 'forward');
insert into player (person_id, nick, working_foot, is_finished, role) values (78, 'Evans', 'both', false, 'goalkeeper');
insert into player (person_id, nick, working_foot, is_finished, role) values (79, 'Smith', 'right', false, 'defender');
insert into player (person_id, nick, working_foot, is_finished, role) values (80, 'Taylor', 'right', false, 'defender');
insert into player (person_id, nick, working_foot, is_finished, role) values (81, 'Bennett', 'right', false, 'defender');
insert into player (person_id, nick, working_foot, is_finished, role) values (82, 'Brown', 'right', false, 'defender');
insert into player (person_id, nick, working_foot, is_finished, role) values (83, 'Carter', 'right', false, 'midfielder');
insert into player (person_id, nick, working_foot, is_finished, role) values (84, 'Ward', 'right', false, 'midfielder');
insert into player (person_id, nick, working_foot, is_finished, role) values (85, 'Johnson', 'right', false, 'midfielder');
insert into player (person_id, nick, working_foot, is_finished, role) values (86, 'Turner', 'right', false, 'midfielder');
insert into player (person_id, nick, working_foot, is_finished, role) values (87, 'Mitchell', 'both', false, 'forward');
insert into player (person_id, nick, working_foot, is_finished, role) values (88, 'Bennett', 'right', false, 'forward');
insert into player (person_id, nick, working_foot, is_finished, role) values (89, 'Brown', 'right', false, 'goalkeeper');
insert into player (person_id, nick, working_foot, is_finished, role) values (90, 'Cook', 'left', false, 'defender');
insert into player (person_id, nick, working_foot, is_finished, role) values (91, 'Johnson', 'right', false, 'defender');
insert into player (person_id, nick, working_foot, is_finished, role) values (92, 'Ward', 'both', false, 'defender');
insert into player (person_id, nick, working_foot, is_finished, role) values (93, 'Smith', 'right', false, 'defender');
insert into player (person_id, nick, working_foot, is_finished, role) values (94, 'Wilson', 'right', false, 'midfielder');
insert into player (person_id, nick, working_foot, is_finished, role) values (95, 'Smith', 'right', false, 'midfielder');
insert into player (person_id, nick, working_foot, is_finished, role) values (96, 'Bennett', 'both', false, 'midfielder');
insert into player (person_id, nick, working_foot, is_finished, role) values (97, 'Walker', 'right', false, 'midfielder');
insert into player (person_id, nick, working_foot, is_finished, role) values (98, 'Ward', 'right', false, 'forward');
insert into player (person_id, nick, working_foot, is_finished, role) values (99, 'Johnson', 'both', false, 'forward');
insert into player (person_id, nick, working_foot, is_finished, role) values (100, 'Suarez', 'right', false, 'goalkeeper');
insert into player (person_id, nick, working_foot, is_finished, role) values (101, 'Ortega', 'right', false, 'defender');
insert into player (person_id, nick, working_foot, is_finished, role) values (102, 'Lopez', 'both', false, 'defender');
insert into player (person_id, nick, working_foot, is_finished, role) values (103, 'Perez', 'right', false, 'defender');
insert into player (person_id, nick, working_foot, is_finished, role) values (104, 'Ruiz', 'right', false, 'defender');
insert into player (person_id, nick, working_foot, is_finished, role) values (105, 'Garcia', 'right', false, 'midfielder');
insert into player (person_id, nick, working_foot, is_finished, role) values (106, 'Gil', 'right', false, 'midfielder');
insert into player (person_id, nick, working_foot, is_finished, role) values (107, 'Molina', 'right', false, 'midfielder');
insert into player (person_id, nick, working_foot, is_finished, role) values (108, 'Gil', 'both', false, 'midfielder');
insert into player (person_id, nick, working_foot, is_finished, role) values (109, 'Molina', 'both', false, 'forward');
insert into player (person_id, nick, working_foot, is_finished, role) values (110, 'Molina', 'right', false, 'forward');
insert into player (person_id, nick, working_foot, is_finished, role) values (111, 'Moreno', 'both', false, 'goalkeeper');
insert into player (person_id, nick, working_foot, is_finished, role) values (112, 'Perez', 'left', false, 'defender');
insert into player (person_id, nick, working_foot, is_finished, role) values (113, 'Lopez', 'left', false, 'defender');
insert into player (person_id, nick, working_foot, is_finished, role) values (114, 'Suarez', 'right', false, 'defender');
insert into player (person_id, nick, working_foot, is_finished, role) values (115, 'Vega', 'right', false, 'defender');
insert into player (person_id, nick, working_foot, is_finished, role) values (116, 'Martinez', 'right', false, 'midfielder');
insert into player (person_id, nick, working_foot, is_finished, role) values (117, 'Sanchez', 'left', false, 'midfielder');
insert into player (person_id, nick, working_foot, is_finished, role) values (118, 'Gil', 'left', false, 'midfielder');
insert into player (person_id, nick, working_foot, is_finished, role) values (119, 'Navarro', 'right', false, 'midfielder');
insert into player (person_id, nick, working_foot, is_finished, role) values (120, 'Vega', 'left', false, 'forward');
insert into player (person_id, nick, working_foot, is_finished, role) values (121, 'Suarez', 'right', false, 'forward');
insert into player (person_id, nick, working_foot, is_finished, role) values (122, 'Navarro', 'right', false, 'goalkeeper');
insert into player (person_id, nick, working_foot, is_finished, role) values (123, 'Lopez', 'right', false, 'defender');
insert into player (person_id, nick, working_foot, is_finished, role) values (124, 'Ruiz', 'right', false, 'defender');
insert into player (person_id, nick, working_foot, is_finished, role) values (125, 'Gil', 'right', false, 'defender');
insert into player (person_id, nick, working_foot, is_finished, role) values (126, 'Castro', 'right', false, 'defender');
insert into player (person_id, nick, working_foot, is_finished, role) values (127, 'Suarez', 'right', false, 'midfielder');
insert into player (person_id, nick, working_foot, is_finished, role) values (128, 'Suarez', 'right', false, 'midfielder');
insert into player (person_id, nick, working_foot, is_finished, role) values (129, 'Rodriguez', 'right', false, 'midfielder');
insert into player (person_id, nick, working_foot, is_finished, role) values (130, 'Castro', 'right', false, 'midfielder');
insert into player (person_id, nick, working_foot, is_finished, role) values (131, 'Rodriguez', 'both', false, 'forward');
insert into player (person_id, nick, working_foot, is_finished, role) values (132, 'Navarro', 'right', false, 'forward');
insert into player (person_id, nick, working_foot, is_finished, role) values (133, 'Ricci', 'right', false, 'goalkeeper');
insert into player (person_id, nick, working_foot, is_finished, role) values (134, 'Ricci', 'right', false, 'defender');
insert into player (person_id, nick, working_foot, is_finished, role) values (135, 'Colombo', 'right', false, 'defender');
insert into player (person_id, nick, working_foot, is_finished, role) values (136, 'Colombo', 'right', false, 'defender');
insert into player (person_id, nick, working_foot, is_finished, role) values (137, 'Marino', 'right', false, 'defender');
insert into player (person_id, nick, working_foot, is_finished, role) values (138, 'Romano', 'left', false, 'midfielder');
insert into player (person_id, nick, working_foot, is_finished, role) values (139, 'Bruno', 'both', false, 'midfielder');
insert into player (person_id, nick, working_foot, is_finished, role) values (140, 'Ricci', 'right', false, 'midfielder');
insert into player (person_id, nick, working_foot, is_finished, role) values (141, 'Giorda', 'left', false, 'midfielder');
insert into player (person_id, nick, working_foot, is_finished, role) values (142, 'Colombo', 'both', false, 'forward');
insert into player (person_id, nick, working_foot, is_finished, role) values (143, 'Marino', 'right', false, 'forward');
insert into player (person_id, nick, working_foot, is_finished, role) values (144, 'Ferrari', 'right', false, 'goalkeeper');
insert into player (person_id, nick, working_foot, is_finished, role) values (145, 'Rossi', 'right', false, 'defender');
insert into player (person_id, nick, working_foot, is_finished, role) values (146, 'Moretti', 'right', false, 'defender');
insert into player (person_id, nick, working_foot, is_finished, role) values (147, 'Moretti', 'right', false, 'defender');
insert into player (person_id, nick, working_foot, is_finished, role) values (148, 'Moretti', 'both', false, 'defender');
insert into player (person_id, nick, working_foot, is_finished, role) values (149, 'Esposito', 'right', false, 'midfielder');
insert into player (person_id, nick, working_foot, is_finished, role) values (150, 'Esposito', 'right', false, 'midfielder');
insert into player (person_id, nick, working_foot, is_finished, role) values (151, 'Costa', 'right', false, 'midfielder');
insert into player (person_id, nick, working_foot, is_finished, role) values (152, 'Moretti', 'right', false, 'midfielder');
insert into player (person_id, nick, working_foot, is_finished, role) values (153, 'Costa', 'right', false, 'forward');
insert into player (person_id, nick, working_foot, is_finished, role) values (154, 'Costa', 'left', false, 'forward');
insert into player (person_id, nick, working_foot, is_finished, role) values (155, 'Becker', 'left', false, 'goalkeeper');
insert into player (person_id, nick, working_foot, is_finished, role) values (156, 'Bauer', 'right', false, 'defender');
insert into player (person_id, nick, working_foot, is_finished, role) values (157, 'Wolf', 'left', false, 'defender');
insert into player (person_id, nick, working_foot, is_finished, role) values (158, 'Hoffmann', 'right', false, 'defender');
insert into player (person_id, nick, working_foot, is_finished, role) values (159, 'Becker', 'right', false, 'defender');
insert into player (person_id, nick, working_foot, is_finished, role) values (160, 'Neumann', 'both', false, 'midfielder');
insert into player (person_id, nick, working_foot, is_finished, role) values (161, 'Koch', 'right', false, 'midfielder');
insert into player (person_id, nick, working_foot, is_finished, role) values (162, 'Schulz', 'right', false, 'midfielder');
insert into player (person_id, nick, working_foot, is_finished, role) values (163, 'Wolf', 'left', false, 'midfielder');
insert into player (person_id, nick, working_foot, is_finished, role) values (164, 'Wolf', 'left', false, 'forward');
insert into player (person_id, nick, working_foot, is_finished, role) values (165, 'Bauer', 'both', false, 'forward');
insert into player (person_id, nick, working_foot, is_finished, role) values (166, 'Zimmermann', 'right', false, 'goalkeeper');
insert into player (person_id, nick, working_foot, is_finished, role) values (167, 'Wagner', 'left', false, 'defender');
insert into player (person_id, nick, working_foot, is_finished, role) values (168, 'Wagner', 'right', false, 'defender');
insert into player (person_id, nick, working_foot, is_finished, role) values (169, 'Neumann', 'right', false, 'defender');
insert into player (person_id, nick, working_foot, is_finished, role) values (170, 'Weber', 'right', false, 'defender');
insert into player (person_id, nick, working_foot, is_finished, role) values (171, 'Wolf', 'right', false, 'midfielder');
insert into player (person_id, nick, working_foot, is_finished, role) values (172, 'Schmidt', 'right', false, 'midfielder');
insert into player (person_id, nick, working_foot, is_finished, role) values (173, 'Wagner', 'right', false, 'midfielder');
insert into player (person_id, nick, working_foot, is_finished, role) values (174, 'Wagner', 'right', false, 'midfielder');
insert into player (person_id, nick, working_foot, is_finished, role) values (175, 'Hoffmann', 'left', false, 'forward');
insert into player (person_id, nick, working_foot, is_finished, role) values (176, 'Zimmermann', 'right', false, 'forward');
insert into player (person_id, nick, working_foot, is_finished, role) values (177, 'Michel', 'left', false, 'goalkeeper');
insert into player (person_id, nick, working_foot, is_finished, role) values (178, 'Petit', 'right', false, 'defender');
insert into player (person_id, nick, working_foot, is_finished, role) values (179, 'Robert', 'left', false, 'defender');
insert into player (person_id, nick, working_foot, is_finished, role) values (180, 'Dubois', 'both', false, 'defender');
insert into player (person_id, nick, working_foot, is_finished, role) values (181, 'Richard', 'right', false, 'defender');
insert into player (person_id, nick, working_foot, is_finished, role) values (182, 'Lefevre', 'right', false, 'midfielder');
insert into player (person_id, nick, working_foot, is_finished, role) values (183, 'Lefevre', 'right', false, 'midfielder');
insert into player (person_id, nick, working_foot, is_finished, role) values (184, 'Bernard', 'right', false, 'midfielder');
insert into player (person_id, nick, working_foot, is_finished, role) values (185, 'Thomas', 'right', false, 'midfielder');
insert into player (person_id, nick, working_foot, is_finished, role) values (186, 'Dubois', 'right', false, 'forward');
insert into player (person_id, nick, working_foot, is_finished, role) values (187, 'Moreau', 'left', false, 'forward');
insert into player (person_id, nick, working_foot, is_finished, role) values (188, 'Bonnet', 'right', false, 'goalkeeper');
insert into player (person_id, nick, working_foot, is_finished, role) values (189, 'Lambert', 'left', false, 'defender');
insert into player (person_id, nick, working_foot, is_finished, role) values (190, 'Roux', 'right', false, 'defender');
insert into player (person_id, nick, working_foot, is_finished, role) values (191, 'Dubois', 'right', false, 'defender');
insert into player (person_id, nick, working_foot, is_finished, role) values (192, 'Durand', 'both', false, 'defender');
insert into player (person_id, nick, working_foot, is_finished, role) values (193, 'Laurent', 'right', false, 'midfielder');
insert into player (person_id, nick, working_foot, is_finished, role) values (194, 'Michel', 'left', false, 'midfielder');
insert into player (person_id, nick, working_foot, is_finished, role) values (195, 'Moreau', 'right', false, 'midfielder');
insert into player (person_id, nick, working_foot, is_finished, role) values (196, 'Durand', 'left', false, 'midfielder');
insert into player (person_id, nick, working_foot, is_finished, role) values (197, 'Lambert', 'right', false, 'forward');
insert into player (person_id, nick, working_foot, is_finished, role) values (198, 'Lambert', 'right', false, 'forward');
insert into player (person_id, nick, working_foot, is_finished, role) values (199, 'Silva', 'right', false, 'goalkeeper');
insert into player (person_id, nick, working_foot, is_finished, role) values (200, 'Olivei', 'left', false, 'defender');
insert into player (person_id, nick, working_foot, is_finished, role) values (201, 'Sousa', 'right', false, 'defender');
insert into player (person_id, nick, working_foot, is_finished, role) values (202, 'Moreira', 'right', false, 'defender');
insert into player (person_id, nick, working_foot, is_finished, role) values (203, 'Gomes', 'right', false, 'defender');
insert into player (person_id, nick, working_foot, is_finished, role) values (204, 'Sousa', 'right', false, 'midfielder');
insert into player (person_id, nick, working_foot, is_finished, role) values (205, 'Sousa', 'right', false, 'midfielder');
insert into player (person_id, nick, working_foot, is_finished, role) values (206, 'Santos', 'right', false, 'midfielder');
insert into player (person_id, nick, working_foot, is_finished, role) values (207, 'Teixeira', 'right', false, 'midfielder');
insert into player (person_id, nick, working_foot, is_finished, role) values (208, 'Silva', 'left', false, 'forward');
insert into player (person_id, nick, working_foot, is_finished, role) values (209, 'Correia', 'left', false, 'forward');
insert into player (person_id, nick, working_foot, is_finished, role) values (210, 'Bos', 'both', false, 'goalkeeper');
insert into player (person_id, nick, working_foot, is_finished, role) values (211, 'Vos', 'right', false, 'defender');
insert into player (person_id, nick, working_foot, is_finished, role) values (212, 'Mulder', 'right', false, 'defender');
insert into player (person_id, nick, working_foot, is_finished, role) values (213, 'Jansen', 'right', false, 'defender');
insert into player (person_id, nick, working_foot, is_finished, role) values (214, 'deVries', 'right', false, 'defender');
insert into player (person_id, nick, working_foot, is_finished, role) values (215, 'Vos', 'right', false, 'midfielder');
insert into player (person_id, nick, working_foot, is_finished, role) values (216, 'Mulder', 'left', false, 'midfielder');
insert into player (person_id, nick, working_foot, is_finished, role) values (217, 'Hoekstra', 'left', false, 'midfielder');
insert into player (person_id, nick, working_foot, is_finished, role) values (218, 'Vos', 'both', false, 'midfielder');
insert into player (person_id, nick, working_foot, is_finished, role) values (219, 'Kuipers', 'right', false, 'forward');
insert into player (person_id, nick, working_foot, is_finished, role) values (220, 'vanDijk', 'right', false, 'forward');
insert into coach (person_id, license) values (221, 'UEFA Pro');
insert into coach (person_id, license) values (222, 'Pro');
insert into coach (person_id, license) values (223, 'UEFA Pro');
insert into coach (person_id, license) values (224, 'UEFA B');
insert into coach (person_id, license) values (225, 'UEFA Pro');
insert into coach (person_id, license) values (226, 'UEFA B');
insert into coach (person_id, license) values (227, 'Pro');
insert into coach (person_id, license) values (228, 'UEFA Pro');
insert into coach (person_id, license) values (229, 'UEFA Pro');
insert into coach (person_id, license) values (230, 'A');
insert into coach (person_id, license) values (231, 'UEFA B');
insert into coach (person_id, license) values (232, 'Pro');
insert into coach (person_id, license) values (233, 'UEFA A');
insert into coach (person_id, license) values (234, 'UEFA A');
insert into coach (person_id, license) values (235, 'UEFA A');
insert into coach (person_id, license) values (236, 'Pro');
insert into coach (person_id, license) values (237, 'B');
insert into coach (person_id, license) values (238, 'UEFA Pro');
insert into coach (person_id, license) values (239, 'UEFA A');
insert into coach (person_id, license) values (240, 'UEFA B');
insert into referee (person_id, category) values (241, 'national');
insert into referee (person_id, category) values (242, 'fifa');
insert into referee (person_id, category) values (243, 'fifa');
insert into referee (person_id, category) values (244, 'fifa');
insert into referee (person_id, category) values (245, 'regional');
insert into referee (person_id, category) values (246, 'regional');
insert into referee (person_id, category) values (247, 'national');
insert into referee (person_id, category) values (248, 'fifa');
insert into referee (person_id, category) values (249, 'regional');
insert into referee (person_id, category) values (250, 'fifa');
insert into referee (person_id, category) values (251, 'fifa');
insert into referee (person_id, category) values (252, 'fifa');
insert into referee (person_id, category) values (253, 'fifa');
insert into referee (person_id, category) values (254, 'regional');
insert into referee (person_id, category) values (255, 'regional');
insert into referee (person_id, category) values (256, 'national');
insert into referee (person_id, category) values (257, 'regional');
insert into referee (person_id, category) values (258, 'fifa');
insert into referee (person_id, category) values (259, 'regional');
insert into referee (person_id, category) values (260, 'national');
insert into club (club_id, club_name, main_stadium, city) values (1, 'Spartak Moscow', 'Otkritie Arena', 'Moscow');
insert into club (club_id, club_name, main_stadium, city) values (2, 'Zenit Saint Petersburg', 'Gazprom Arena', 'Saint Petersburg');
insert into club (club_id, club_name, main_stadium, city) values (3, 'CSKA Moscow', 'VEB Arena', 'Moscow');
insert into club (club_id, club_name, main_stadium, city) values (4, 'Lokomotiv Moscow', 'RZD Arena', 'Moscow');
insert into club (club_id, club_name, main_stadium, city) values (5, 'Dynamo Moscow', 'VTB Arena', 'Moscow');
insert into club (club_id, club_name, main_stadium, city) values (6, 'Krasnodar', 'Krasnodar Stadium', 'Krasnodar');
insert into club (club_id, club_name, main_stadium, city) values (7, 'Manchester Albion', 'Albion Park', 'Manchester');
insert into club (club_id, club_name, main_stadium, city) values (8, 'North London FC', 'Thames Stadium', 'London');
insert into club (club_id, club_name, main_stadium, city) values (9, 'Merseyside Reds', 'Docklands Arena', 'Liverpool');
insert into club (club_id, club_name, main_stadium, city) values (10, 'Valencia del Mar', 'Estadio del Mar', 'Valencia');
insert into club (club_id, club_name, main_stadium, city) values (11, 'Catalunya Blau', 'Camp Blau', 'Barcelona');
insert into club (club_id, club_name, main_stadium, city) values (12, 'Madrid Capital', 'Estadio Capital', 'Madrid');
insert into club (club_id, club_name, main_stadium, city) values (13, 'Torino Nero', 'Stadio Piemonte', 'Turin');
insert into club (club_id, club_name, main_stadium, city) values (14, 'Milano Rosso', 'San Vittore', 'Milan');
insert into club (club_id, club_name, main_stadium, city) values (15, 'Bayern Sud', 'Sud Arena', 'Munich');
insert into club (club_id, club_name, main_stadium, city) values (16, 'Ruhr Eagles', 'Signal Dome', 'Dortmund');
insert into club (club_id, club_name, main_stadium, city) values (17, 'Paris Etoile', 'Parc Lumiere', 'Paris');
insert into club (club_id, club_name, main_stadium, city) values (18, 'Lyonnais', 'Groupama Sud', 'Lyon');
insert into club (club_id, club_name, main_stadium, city) values (19, 'Lisbon Navigators', 'Estadio da Luz Alta', 'Lisbon');
insert into club (club_id, club_name, main_stadium, city) values (20, 'Amsterdam Wind', 'Johan Tide Arena', 'Amsterdam');
insert into league (league_id, nation_id, league_name) values (1, 1, 'Premier Liga');
insert into league (league_id, nation_id, league_name) values (2, 2, 'Premier Division');
insert into league (league_id, nation_id, league_name) values (3, 3, 'La Primera');
insert into league (league_id, nation_id, league_name) values (4, 4, 'Serie A');
insert into league (league_id, nation_id, league_name) values (5, 5, 'Bundesliga');
insert into league (league_id, nation_id, league_name) values (6, 6, 'Ligue 1');
insert into league (league_id, nation_id, league_name) values (7, 7, 'Brasileirao');
insert into league (league_id, nation_id, league_name) values (8, 8, 'Primera Division');
insert into league (league_id, nation_id, league_name) values (9, 9, 'Primeira Liga');
insert into league (league_id, nation_id, league_name) values (10, 10, 'Eredivisie');
insert into league (league_id, nation_id, league_name) values (11, 11, 'Pro League');
insert into league (league_id, nation_id, league_name) values (12, 12, 'HNL');
insert into league (league_id, nation_id, league_name) values (13, 13, 'SuperLiga');
insert into league (league_id, nation_id, league_name) values (14, 14, 'Premier League');
insert into league (league_id, nation_id, league_name) values (15, 15, 'Ekstraklasa');
insert into league (league_id, nation_id, league_name) values (16, 16, 'Super Lig');
insert into league (league_id, nation_id, league_name) values (17, 17, 'Premiership');
insert into league (league_id, nation_id, league_name) values (18, 18, 'Allsvenskan');
insert into league (league_id, nation_id, league_name) values (19, 19, 'Eliteserien');
insert into league (league_id, nation_id, league_name) values (20, 20, 'Superliga');
insert into tournament (tournament_id, league_id, start_year) values (1, 1, 2022);
insert into tournament (tournament_id, league_id, start_year) values (2, 2, 2025);
insert into tournament (tournament_id, league_id, start_year) values (3, 3, 2025);
insert into tournament (tournament_id, league_id, start_year) values (4, 4, 2025);
insert into tournament (tournament_id, league_id, start_year) values (5, 5, 2023);
insert into tournament (tournament_id, league_id, start_year) values (6, 6, 2025);
insert into tournament (tournament_id, league_id, start_year) values (7, 7, 2024);
insert into tournament (tournament_id, league_id, start_year) values (8, 8, 2024);
insert into tournament (tournament_id, league_id, start_year) values (9, 9, 2025);
insert into tournament (tournament_id, league_id, start_year) values (10, 10, 2024);
insert into tournament (tournament_id, league_id, start_year) values (11, 11, 2023);
insert into tournament (tournament_id, league_id, start_year) values (12, 12, 2025);
insert into tournament (tournament_id, league_id, start_year) values (13, 13, 2023);
insert into tournament (tournament_id, league_id, start_year) values (14, 14, 2025);
insert into tournament (tournament_id, league_id, start_year) values (15, 15, 2024);
insert into tournament (tournament_id, league_id, start_year) values (16, 16, 2025);
insert into tournament (tournament_id, league_id, start_year) values (17, 17, 2024);
insert into tournament (tournament_id, league_id, start_year) values (18, 18, 2024);
insert into tournament (tournament_id, league_id, start_year) values (19, 19, 2022);
insert into tournament (tournament_id, league_id, start_year) values (20, 20, 2025);
insert into tournament (tournament_id, league_id, start_year) values (21, 12, 2024);
insert into tournament (tournament_id, league_id, start_year) values (22, 19, 2021);
insert into tournament (tournament_id, league_id, start_year) values (23, 9, 2022);
insert into tournament (tournament_id, league_id, start_year) values (24, 18, 2022);
insert into tournament (tournament_id, league_id, start_year) values (25, 13, 2022);
insert into tournament (tournament_id, league_id, start_year) values (26, 16, 2024);
insert into tournament (tournament_id, league_id, start_year) values (27, 17, 2023);
insert into tournament (tournament_id, league_id, start_year) values (28, 3, 2022);
insert into tournament (tournament_id, league_id, start_year) values (29, 4, 2024);
insert into tournament (tournament_id, league_id, start_year) values (30, 2, 2023);
insert into club_to_tournament (club_id, tournament_id) values (1, 1);
insert into club_to_tournament (club_id, tournament_id) values (2, 1);
insert into club_to_tournament (club_id, tournament_id) values (3, 1);
insert into club_to_tournament (club_id, tournament_id) values (4, 1);
insert into club_to_tournament (club_id, tournament_id) values (5, 1);
insert into club_to_tournament (club_id, tournament_id) values (6, 1);
insert into club_to_tournament (club_id, tournament_id) values (7, 2);
insert into club_to_tournament (club_id, tournament_id) values (8, 2);
insert into club_to_tournament (club_id, tournament_id) values (9, 2);
insert into club_to_tournament (club_id, tournament_id) values (10, 3);
insert into club_to_tournament (club_id, tournament_id) values (11, 3);
insert into club_to_tournament (club_id, tournament_id) values (12, 3);
insert into club_to_tournament (club_id, tournament_id) values (13, 4);
insert into club_to_tournament (club_id, tournament_id) values (14, 4);
insert into club_to_tournament (club_id, tournament_id) values (15, 5);
insert into club_to_tournament (club_id, tournament_id) values (16, 5);
insert into club_to_tournament (club_id, tournament_id) values (17, 6);
insert into club_to_tournament (club_id, tournament_id) values (18, 6);
insert into club_to_tournament (club_id, tournament_id) values (9, 7);
insert into club_to_tournament (club_id, tournament_id) values (16, 7);
insert into club_to_tournament (club_id, tournament_id) values (20, 7);
insert into club_to_tournament (club_id, tournament_id) values (8, 7);
insert into club_to_tournament (club_id, tournament_id) values (15, 8);
insert into club_to_tournament (club_id, tournament_id) values (11, 8);
insert into club_to_tournament (club_id, tournament_id) values (16, 8);
insert into club_to_tournament (club_id, tournament_id) values (4, 8);
insert into club_to_tournament (club_id, tournament_id) values (19, 9);
insert into club_to_tournament (club_id, tournament_id) values (20, 10);
insert into club_to_tournament (club_id, tournament_id) values (9, 11);
insert into club_to_tournament (club_id, tournament_id) values (4, 11);
insert into club_to_tournament (club_id, tournament_id) values (8, 11);
insert into club_to_tournament (club_id, tournament_id) values (17, 11);
insert into club_to_tournament (club_id, tournament_id) values (20, 12);
insert into club_to_tournament (club_id, tournament_id) values (8, 12);
insert into club_to_tournament (club_id, tournament_id) values (2, 12);
insert into club_to_tournament (club_id, tournament_id) values (6, 12);
insert into club_to_tournament (club_id, tournament_id) values (8, 13);
insert into club_to_tournament (club_id, tournament_id) values (20, 13);
insert into club_to_tournament (club_id, tournament_id) values (14, 13);
insert into club_to_tournament (club_id, tournament_id) values (3, 13);
insert into club_to_tournament (club_id, tournament_id) values (16, 14);
insert into club_to_tournament (club_id, tournament_id) values (1, 14);
insert into club_to_tournament (club_id, tournament_id) values (18, 14);
insert into club_to_tournament (club_id, tournament_id) values (15, 14);
insert into club_to_tournament (club_id, tournament_id) values (11, 15);
insert into club_to_tournament (club_id, tournament_id) values (5, 15);
insert into club_to_tournament (club_id, tournament_id) values (9, 15);
insert into club_to_tournament (club_id, tournament_id) values (2, 15);
insert into club_to_tournament (club_id, tournament_id) values (11, 16);
insert into club_to_tournament (club_id, tournament_id) values (12, 16);
insert into club_to_tournament (club_id, tournament_id) values (8, 16);
insert into club_to_tournament (club_id, tournament_id) values (20, 16);
insert into club_to_tournament (club_id, tournament_id) values (1, 17);
insert into club_to_tournament (club_id, tournament_id) values (14, 17);
insert into club_to_tournament (club_id, tournament_id) values (9, 17);
insert into club_to_tournament (club_id, tournament_id) values (18, 17);
insert into club_to_tournament (club_id, tournament_id) values (12, 18);
insert into club_to_tournament (club_id, tournament_id) values (7, 18);
insert into club_to_tournament (club_id, tournament_id) values (16, 18);
insert into club_to_tournament (club_id, tournament_id) values (2, 18);
insert into club_to_tournament (club_id, tournament_id) values (19, 19);
insert into club_to_tournament (club_id, tournament_id) values (9, 19);
insert into club_to_tournament (club_id, tournament_id) values (5, 19);
insert into club_to_tournament (club_id, tournament_id) values (18, 19);
insert into club_to_tournament (club_id, tournament_id) values (9, 20);
insert into club_to_tournament (club_id, tournament_id) values (4, 20);
insert into club_to_tournament (club_id, tournament_id) values (19, 20);
insert into club_to_tournament (club_id, tournament_id) values (14, 20);
insert into club_to_tournament (club_id, tournament_id) values (16, 21);
insert into club_to_tournament (club_id, tournament_id) values (17, 21);
insert into club_to_tournament (club_id, tournament_id) values (18, 21);
insert into club_to_tournament (club_id, tournament_id) values (11, 21);
insert into club_to_tournament (club_id, tournament_id) values (6, 22);
insert into club_to_tournament (club_id, tournament_id) values (8, 22);
insert into club_to_tournament (club_id, tournament_id) values (19, 22);
insert into club_to_tournament (club_id, tournament_id) values (16, 22);
insert into club_to_tournament (club_id, tournament_id) values (19, 23);
insert into club_to_tournament (club_id, tournament_id) values (20, 24);
insert into club_to_tournament (club_id, tournament_id) values (1, 24);
insert into club_to_tournament (club_id, tournament_id) values (19, 24);
insert into club_to_tournament (club_id, tournament_id) values (7, 24);
insert into club_to_tournament (club_id, tournament_id) values (19, 25);
insert into club_to_tournament (club_id, tournament_id) values (14, 25);
insert into club_to_tournament (club_id, tournament_id) values (15, 25);
insert into club_to_tournament (club_id, tournament_id) values (12, 25);
insert into club_to_tournament (club_id, tournament_id) values (1, 26);
insert into club_to_tournament (club_id, tournament_id) values (5, 26);
insert into club_to_tournament (club_id, tournament_id) values (15, 26);
insert into club_to_tournament (club_id, tournament_id) values (3, 26);
insert into club_to_tournament (club_id, tournament_id) values (10, 27);
insert into club_to_tournament (club_id, tournament_id) values (5, 27);
insert into club_to_tournament (club_id, tournament_id) values (18, 27);
insert into club_to_tournament (club_id, tournament_id) values (11, 27);
insert into club_to_tournament (club_id, tournament_id) values (10, 28);
insert into club_to_tournament (club_id, tournament_id) values (11, 28);
insert into club_to_tournament (club_id, tournament_id) values (12, 28);
insert into club_to_tournament (club_id, tournament_id) values (13, 29);
insert into club_to_tournament (club_id, tournament_id) values (14, 29);
insert into club_to_tournament (club_id, tournament_id) values (7, 30);
insert into club_to_tournament (club_id, tournament_id) values (8, 30);
insert into club_to_tournament (club_id, tournament_id) values (9, 30);
insert into weather (weather_id, temperature, wind_speed, weather_type, humidity) values (1, 23.3, 15.1, 'sunny', 39);
insert into weather (weather_id, temperature, wind_speed, weather_type, humidity) values (2, 28.4, 14.9, 'sunny', 58);
insert into weather (weather_id, temperature, wind_speed, weather_type, humidity) values (3, 21.2, 13.3, 'sunny', 52);
insert into weather (weather_id, temperature, wind_speed, weather_type, humidity) values (4, 19.3, 5.1, 'sunny', 43);
insert into weather (weather_id, temperature, wind_speed, weather_type, humidity) values (5, 18.9, 15.1, 'sunny', 55);
insert into weather (weather_id, temperature, wind_speed, weather_type, humidity) values (6, 13.5, 16.3, 'cloudy', 63);
insert into weather (weather_id, temperature, wind_speed, weather_type, humidity) values (7, 14.0, 15.3, 'cloudy', 56);
insert into weather (weather_id, temperature, wind_speed, weather_type, humidity) values (8, 7.3, 18.3, 'cloudy', 53);
insert into weather (weather_id, temperature, wind_speed, weather_type, humidity) values (9, 7.6, 13.5, 'cloudy', 46);
insert into weather (weather_id, temperature, wind_speed, weather_type, humidity) values (10, 15.0, 10.0, 'cloudy', 45);
insert into weather (weather_id, temperature, wind_speed, weather_type, humidity) values (11, 15.1, 20.5, 'rainy', 79);
insert into weather (weather_id, temperature, wind_speed, weather_type, humidity) values (12, 4.2, 14.9, 'rainy', 75);
insert into weather (weather_id, temperature, wind_speed, weather_type, humidity) values (13, 16.1, 12.6, 'rainy', 71);
insert into weather (weather_id, temperature, wind_speed, weather_type, humidity) values (14, 9.0, 11.4, 'rainy', 73);
insert into weather (weather_id, temperature, wind_speed, weather_type, humidity) values (15, 6.7, 19.3, 'rainy', 85);
insert into weather (weather_id, temperature, wind_speed, weather_type, humidity) values (16, -0.1, 13.9, 'snowy', 81);
insert into weather (weather_id, temperature, wind_speed, weather_type, humidity) values (17, -4.5, 15.2, 'snowy', 81);
insert into weather (weather_id, temperature, wind_speed, weather_type, humidity) values (18, -2.3, 15.4, 'snowy', 81);
insert into weather (weather_id, temperature, wind_speed, weather_type, humidity) values (19, 0.4, 2.1, 'foggy', 91);
insert into weather (weather_id, temperature, wind_speed, weather_type, humidity) values (20, 7.6, 3.0, 'foggy', 96);
insert into weather (weather_id, temperature, wind_speed, weather_type, humidity) values (21, 7.2, 6.0, 'foggy', 81);
insert into weather (weather_id, temperature, wind_speed, weather_type, humidity) values (22, 9.4, 24.2, 'windy', 64);
insert into weather (weather_id, temperature, wind_speed, weather_type, humidity) values (23, 15.4, 23.8, 'windy', 49);
insert into weather (weather_id, temperature, wind_speed, weather_type, humidity) values (24, 9.3, 22.4, 'windy', 58);
insert into contract (start_dt, person_id, club_id, end_dt, week_salary) values ('2020-12-15', 1, 2, '2021-11-28', 21000.0);
insert into contract (start_dt, person_id, club_id, end_dt, week_salary) values ('2022-02-06', 1, 1, '2023-04-16', 92000.0);
insert into contract (start_dt, person_id, club_id, end_dt, week_salary) values ('2023-05-17', 2, 1, NULL, 36000.0);
insert into contract (start_dt, person_id, club_id, end_dt, week_salary) values ('2020-11-05', 3, 3, '2021-12-23', 39000.0);
insert into contract (start_dt, person_id, club_id, end_dt, week_salary) values ('2022-04-04', 3, 1, NULL, 14000.0);
insert into contract (start_dt, person_id, club_id, end_dt, week_salary) values ('2023-11-23', 4, 1, NULL, 40000.0);
insert into contract (start_dt, person_id, club_id, end_dt, week_salary) values ('2020-04-08', 5, 12, '2021-12-16', 12000.0);
insert into contract (start_dt, person_id, club_id, end_dt, week_salary) values ('2022-03-26', 5, 1, '2024-04-16', 49000.0);
insert into contract (start_dt, person_id, club_id, end_dt, week_salary) values ('2020-08-23', 6, 8, '2022-06-24', 15000.0);
insert into contract (start_dt, person_id, club_id, end_dt, week_salary) values ('2022-09-19', 6, 1, NULL, 15000.0);
insert into contract (start_dt, person_id, club_id, end_dt, week_salary) values ('2023-05-06', 7, 1, NULL, 69000.0);
insert into contract (start_dt, person_id, club_id, end_dt, week_salary) values ('2023-04-18', 8, 1, NULL, 15000.0);
insert into contract (start_dt, person_id, club_id, end_dt, week_salary) values ('2023-06-25', 9, 1, NULL, 25000.0);
insert into contract (start_dt, person_id, club_id, end_dt, week_salary) values ('2023-01-09', 10, 1, NULL, 77000.0);
insert into contract (start_dt, person_id, club_id, end_dt, week_salary) values ('2023-09-23', 11, 1, '2024-11-19', 64000.0);
insert into contract (start_dt, person_id, club_id, end_dt, week_salary) values ('2023-04-08', 12, 2, NULL, 27000.0);
insert into contract (start_dt, person_id, club_id, end_dt, week_salary) values ('2023-07-19', 13, 2, NULL, 56000.0);
insert into contract (start_dt, person_id, club_id, end_dt, week_salary) values ('2020-06-15', 14, 20, '2021-05-31', 21000.0);
insert into contract (start_dt, person_id, club_id, end_dt, week_salary) values ('2021-07-16', 14, 2, NULL, 115000.0);
insert into contract (start_dt, person_id, club_id, end_dt, week_salary) values ('2020-02-26', 15, 20, '2021-10-09', 50000.0);
insert into contract (start_dt, person_id, club_id, end_dt, week_salary) values ('2022-02-03', 15, 2, NULL, 69000.0);
insert into contract (start_dt, person_id, club_id, end_dt, week_salary) values ('2023-07-17', 16, 2, NULL, 68000.0);
insert into contract (start_dt, person_id, club_id, end_dt, week_salary) values ('2020-09-13', 17, 6, '2022-03-13', 12000.0);
insert into contract (start_dt, person_id, club_id, end_dt, week_salary) values ('2022-05-21', 17, 2, NULL, 19000.0);
insert into contract (start_dt, person_id, club_id, end_dt, week_salary) values ('2023-02-13', 18, 2, NULL, 104000.0);
insert into contract (start_dt, person_id, club_id, end_dt, week_salary) values ('2020-09-06', 19, 9, '2021-09-17', 45000.0);
insert into contract (start_dt, person_id, club_id, end_dt, week_salary) values ('2021-12-28', 19, 2, NULL, 84000.0);
insert into contract (start_dt, person_id, club_id, end_dt, week_salary) values ('2023-10-21', 20, 2, NULL, 29000.0);
insert into contract (start_dt, person_id, club_id, end_dt, week_salary) values ('2020-07-17', 21, 9, '2022-06-15', 27000.0);
insert into contract (start_dt, person_id, club_id, end_dt, week_salary) values ('2022-09-08', 21, 2, NULL, 29000.0);
insert into contract (start_dt, person_id, club_id, end_dt, week_salary) values ('2020-04-07', 22, 5, '2021-04-19', 13000.0);
insert into contract (start_dt, person_id, club_id, end_dt, week_salary) values ('2021-05-08', 22, 2, NULL, 92000.0);
insert into contract (start_dt, person_id, club_id, end_dt, week_salary) values ('2023-09-04', 23, 3, NULL, 90000.0);
insert into contract (start_dt, person_id, club_id, end_dt, week_salary) values ('2023-09-14', 24, 3, NULL, 102000.0);
insert into contract (start_dt, person_id, club_id, end_dt, week_salary) values ('2020-02-12', 25, 1, '2021-06-09', 39000.0);
insert into contract (start_dt, person_id, club_id, end_dt, week_salary) values ('2021-07-06', 25, 3, NULL, 112000.0);
insert into contract (start_dt, person_id, club_id, end_dt, week_salary) values ('2023-03-13', 26, 3, NULL, 52000.0);
insert into contract (start_dt, person_id, club_id, end_dt, week_salary) values ('2020-03-15', 27, 19, '2021-08-04', 30000.0);
insert into contract (start_dt, person_id, club_id, end_dt, week_salary) values ('2021-11-19', 27, 3, NULL, 106000.0);
insert into contract (start_dt, person_id, club_id, end_dt, week_salary) values ('2023-01-04', 28, 3, NULL, 76000.0);
insert into contract (start_dt, person_id, club_id, end_dt, week_salary) values ('2023-09-27', 29, 3, NULL, 50000.0);
insert into contract (start_dt, person_id, club_id, end_dt, week_salary) values ('2023-03-13', 30, 3, NULL, 119000.0);
insert into contract (start_dt, person_id, club_id, end_dt, week_salary) values ('2023-12-07', 31, 3, NULL, 93000.0);
insert into contract (start_dt, person_id, club_id, end_dt, week_salary) values ('2020-11-18', 32, 12, '2022-05-19', 8000.0);
insert into contract (start_dt, person_id, club_id, end_dt, week_salary) values ('2022-08-24', 32, 3, NULL, 84000.0);
insert into contract (start_dt, person_id, club_id, end_dt, week_salary) values ('2023-01-27', 33, 3, NULL, 102000.0);
insert into contract (start_dt, person_id, club_id, end_dt, week_salary) values ('2023-06-03', 34, 4, '2024-10-05', 78000.0);
insert into contract (start_dt, person_id, club_id, end_dt, week_salary) values ('2020-06-02', 35, 12, '2021-08-21', 21000.0);
insert into contract (start_dt, person_id, club_id, end_dt, week_salary) values ('2021-10-30', 35, 4, NULL, 86000.0);
insert into contract (start_dt, person_id, club_id, end_dt, week_salary) values ('2023-05-15', 36, 4, NULL, 70000.0);
insert into contract (start_dt, person_id, club_id, end_dt, week_salary) values ('2023-08-07', 37, 4, NULL, 30000.0);
insert into contract (start_dt, person_id, club_id, end_dt, week_salary) values ('2023-10-19', 38, 4, NULL, 108000.0);
insert into contract (start_dt, person_id, club_id, end_dt, week_salary) values ('2023-05-12', 39, 4, NULL, 120000.0);
insert into contract (start_dt, person_id, club_id, end_dt, week_salary) values ('2023-07-09', 40, 4, NULL, 89000.0);
insert into contract (start_dt, person_id, club_id, end_dt, week_salary) values ('2023-09-13', 41, 4, '2025-01-22', 72000.0);
insert into contract (start_dt, person_id, club_id, end_dt, week_salary) values ('2023-09-27', 42, 4, NULL, 17000.0);
insert into contract (start_dt, person_id, club_id, end_dt, week_salary) values ('2020-07-16', 43, 15, '2021-11-23', 46000.0);
insert into contract (start_dt, person_id, club_id, end_dt, week_salary) values ('2022-01-12', 43, 4, NULL, 52000.0);
insert into contract (start_dt, person_id, club_id, end_dt, week_salary) values ('2023-03-17', 44, 4, NULL, 93000.0);
insert into contract (start_dt, person_id, club_id, end_dt, week_salary) values ('2020-01-11', 45, 2, '2021-02-16', 11000.0);
insert into contract (start_dt, person_id, club_id, end_dt, week_salary) values ('2021-06-04', 45, 5, NULL, 57000.0);
insert into contract (start_dt, person_id, club_id, end_dt, week_salary) values ('2023-06-09', 46, 5, NULL, 79000.0);
insert into contract (start_dt, person_id, club_id, end_dt, week_salary) values ('2023-01-20', 47, 5, NULL, 31000.0);
insert into contract (start_dt, person_id, club_id, end_dt, week_salary) values ('2023-03-05', 48, 5, NULL, 83000.0);
insert into contract (start_dt, person_id, club_id, end_dt, week_salary) values ('2023-01-02', 49, 5, NULL, 117000.0);
insert into contract (start_dt, person_id, club_id, end_dt, week_salary) values ('2020-11-10', 50, 14, '2021-10-21', 8000.0);
insert into contract (start_dt, person_id, club_id, end_dt, week_salary) values ('2022-01-30', 50, 5, NULL, 116000.0);
insert into contract (start_dt, person_id, club_id, end_dt, week_salary) values ('2023-10-24', 51, 5, NULL, 27000.0);
insert into contract (start_dt, person_id, club_id, end_dt, week_salary) values ('2023-09-25', 52, 5, NULL, 65000.0);
insert into contract (start_dt, person_id, club_id, end_dt, week_salary) values ('2020-02-02', 53, 18, '2021-10-14', 31000.0);
insert into contract (start_dt, person_id, club_id, end_dt, week_salary) values ('2022-01-23', 53, 5, NULL, 75000.0);
insert into contract (start_dt, person_id, club_id, end_dt, week_salary) values ('2020-01-09', 54, 13, '2020-12-09', 34000.0);
insert into contract (start_dt, person_id, club_id, end_dt, week_salary) values ('2021-01-05', 54, 5, NULL, 111000.0);
insert into contract (start_dt, person_id, club_id, end_dt, week_salary) values ('2023-06-04', 55, 5, NULL, 69000.0);
insert into contract (start_dt, person_id, club_id, end_dt, week_salary) values ('2023-05-22', 56, 6, NULL, 50000.0);
insert into contract (start_dt, person_id, club_id, end_dt, week_salary) values ('2023-08-19', 57, 6, NULL, 12000.0);
insert into contract (start_dt, person_id, club_id, end_dt, week_salary) values ('2023-12-17', 58, 6, '2025-05-06', 97000.0);
insert into contract (start_dt, person_id, club_id, end_dt, week_salary) values ('2023-01-08', 59, 6, NULL, 51000.0);
insert into contract (start_dt, person_id, club_id, end_dt, week_salary) values ('2023-04-13', 60, 6, NULL, 68000.0);
insert into contract (start_dt, person_id, club_id, end_dt, week_salary) values ('2020-04-15', 61, 15, '2022-01-03', 20000.0);
insert into contract (start_dt, person_id, club_id, end_dt, week_salary) values ('2022-02-03', 61, 6, '2023-06-20', 31000.0);
insert into contract (start_dt, person_id, club_id, end_dt, week_salary) values ('2023-07-01', 62, 6, NULL, 83000.0);
insert into contract (start_dt, person_id, club_id, end_dt, week_salary) values ('2023-04-26', 63, 6, '2025-07-19', 103000.0);
insert into contract (start_dt, person_id, club_id, end_dt, week_salary) values ('2020-02-05', 64, 2, '2021-10-20', 26000.0);
insert into contract (start_dt, person_id, club_id, end_dt, week_salary) values ('2022-01-23', 64, 6, '2023-07-10', 51000.0);
insert into contract (start_dt, person_id, club_id, end_dt, week_salary) values ('2023-09-10', 65, 6, NULL, 32000.0);
insert into contract (start_dt, person_id, club_id, end_dt, week_salary) values ('2023-09-18', 66, 6, NULL, 40000.0);
insert into contract (start_dt, person_id, club_id, end_dt, week_salary) values ('2023-05-14', 67, 7, NULL, 80000.0);
insert into contract (start_dt, person_id, club_id, end_dt, week_salary) values ('2020-02-22', 68, 19, '2021-12-05', 9000.0);
insert into contract (start_dt, person_id, club_id, end_dt, week_salary) values ('2022-02-27', 68, 7, NULL, 117000.0);
insert into contract (start_dt, person_id, club_id, end_dt, week_salary) values ('2023-12-01', 69, 7, NULL, 96000.0);
insert into contract (start_dt, person_id, club_id, end_dt, week_salary) values ('2020-03-22', 70, 3, '2021-07-30', 19000.0);
insert into contract (start_dt, person_id, club_id, end_dt, week_salary) values ('2021-10-27', 70, 7, NULL, 14000.0);
insert into contract (start_dt, person_id, club_id, end_dt, week_salary) values ('2023-08-04', 71, 7, NULL, 14000.0);
insert into contract (start_dt, person_id, club_id, end_dt, week_salary) values ('2023-01-27', 72, 7, NULL, 117000.0);
insert into contract (start_dt, person_id, club_id, end_dt, week_salary) values ('2023-07-26', 73, 7, NULL, 66000.0);
insert into contract (start_dt, person_id, club_id, end_dt, week_salary) values ('2023-04-23', 74, 7, NULL, 66000.0);
insert into contract (start_dt, person_id, club_id, end_dt, week_salary) values ('2020-09-11', 75, 5, '2021-12-21', 23000.0);
insert into contract (start_dt, person_id, club_id, end_dt, week_salary) values ('2022-02-10', 75, 7, NULL, 113000.0);
insert into contract (start_dt, person_id, club_id, end_dt, week_salary) values ('2020-03-02', 76, 12, '2021-02-01', 9000.0);
insert into contract (start_dt, person_id, club_id, end_dt, week_salary) values ('2021-04-04', 76, 7, NULL, 84000.0);
insert into contract (start_dt, person_id, club_id, end_dt, week_salary) values ('2023-09-23', 77, 7, NULL, 15000.0);
insert into contract (start_dt, person_id, club_id, end_dt, week_salary) values ('2023-03-18', 78, 8, '2024-06-08', 72000.0);
insert into contract (start_dt, person_id, club_id, end_dt, week_salary) values ('2020-12-24', 79, 9, '2021-10-30', 15000.0);
insert into contract (start_dt, person_id, club_id, end_dt, week_salary) values ('2021-12-27', 79, 8, NULL, 42000.0);
insert into contract (start_dt, person_id, club_id, end_dt, week_salary) values ('2020-06-15', 80, 10, '2022-04-12', 42000.0);
insert into contract (start_dt, person_id, club_id, end_dt, week_salary) values ('2022-07-20', 80, 8, NULL, 40000.0);
insert into contract (start_dt, person_id, club_id, end_dt, week_salary) values ('2023-12-14', 81, 8, NULL, 71000.0);
insert into contract (start_dt, person_id, club_id, end_dt, week_salary) values ('2023-10-20', 82, 8, NULL, 32000.0);
insert into contract (start_dt, person_id, club_id, end_dt, week_salary) values ('2023-11-01', 83, 8, NULL, 113000.0);
insert into contract (start_dt, person_id, club_id, end_dt, week_salary) values ('2020-12-09', 84, 10, '2022-08-04', 45000.0);
insert into contract (start_dt, person_id, club_id, end_dt, week_salary) values ('2022-11-28', 84, 8, NULL, 17000.0);
insert into contract (start_dt, person_id, club_id, end_dt, week_salary) values ('2023-02-21', 85, 8, NULL, 25000.0);
insert into contract (start_dt, person_id, club_id, end_dt, week_salary) values ('2023-06-12', 86, 8, NULL, 74000.0);
insert into contract (start_dt, person_id, club_id, end_dt, week_salary) values ('2020-08-27', 87, 3, '2021-10-25', 34000.0);
insert into contract (start_dt, person_id, club_id, end_dt, week_salary) values ('2022-02-10', 87, 8, '2024-01-20', 25000.0);
insert into contract (start_dt, person_id, club_id, end_dt, week_salary) values ('2023-08-06', 88, 8, NULL, 16000.0);
insert into contract (start_dt, person_id, club_id, end_dt, week_salary) values ('2023-11-21', 89, 9, NULL, 91000.0);
insert into contract (start_dt, person_id, club_id, end_dt, week_salary) values ('2023-10-19', 90, 9, NULL, 97000.0);
insert into contract (start_dt, person_id, club_id, end_dt, week_salary) values ('2020-07-18', 91, 20, '2021-09-28', 39000.0);
insert into contract (start_dt, person_id, club_id, end_dt, week_salary) values ('2021-10-15', 91, 9, NULL, 75000.0);
insert into contract (start_dt, person_id, club_id, end_dt, week_salary) values ('2023-03-10', 92, 9, '2024-10-13', 31000.0);
insert into contract (start_dt, person_id, club_id, end_dt, week_salary) values ('2020-08-10', 93, 1, '2022-01-31', 25000.0);
insert into contract (start_dt, person_id, club_id, end_dt, week_salary) values ('2022-03-18', 93, 9, NULL, 17000.0);
insert into contract (start_dt, person_id, club_id, end_dt, week_salary) values ('2023-01-08', 94, 9, NULL, 37000.0);
insert into contract (start_dt, person_id, club_id, end_dt, week_salary) values ('2023-05-06', 95, 9, NULL, 58000.0);
insert into contract (start_dt, person_id, club_id, end_dt, week_salary) values ('2023-05-05', 96, 9, NULL, 53000.0);
insert into contract (start_dt, person_id, club_id, end_dt, week_salary) values ('2023-05-17', 97, 9, NULL, 104000.0);
insert into contract (start_dt, person_id, club_id, end_dt, week_salary) values ('2023-01-11', 98, 9, '2024-08-07', 106000.0);
insert into contract (start_dt, person_id, club_id, end_dt, week_salary) values ('2023-05-16', 99, 9, '2024-08-28', 34000.0);
insert into contract (start_dt, person_id, club_id, end_dt, week_salary) values ('2023-05-22', 100, 10, NULL, 113000.0);
insert into contract (start_dt, person_id, club_id, end_dt, week_salary) values ('2020-06-06', 101, 9, '2021-07-05', 10000.0);
insert into contract (start_dt, person_id, club_id, end_dt, week_salary) values ('2021-09-02', 101, 10, NULL, 23000.0);
insert into contract (start_dt, person_id, club_id, end_dt, week_salary) values ('2020-10-07', 102, 7, '2022-02-08', 26000.0);
insert into contract (start_dt, person_id, club_id, end_dt, week_salary) values ('2022-03-08', 102, 10, NULL, 22000.0);
insert into contract (start_dt, person_id, club_id, end_dt, week_salary) values ('2023-03-06', 103, 10, NULL, 96000.0);
insert into contract (start_dt, person_id, club_id, end_dt, week_salary) values ('2023-08-23', 104, 10, NULL, 102000.0);
insert into contract (start_dt, person_id, club_id, end_dt, week_salary) values ('2023-02-19', 105, 10, NULL, 66000.0);
insert into contract (start_dt, person_id, club_id, end_dt, week_salary) values ('2023-01-23', 106, 10, NULL, 69000.0);
insert into contract (start_dt, person_id, club_id, end_dt, week_salary) values ('2020-04-25', 107, 17, '2021-07-20', 24000.0);
insert into contract (start_dt, person_id, club_id, end_dt, week_salary) values ('2021-08-31', 107, 10, NULL, 108000.0);
insert into contract (start_dt, person_id, club_id, end_dt, week_salary) values ('2023-09-07', 108, 10, '2025-04-07', 21000.0);
insert into contract (start_dt, person_id, club_id, end_dt, week_salary) values ('2020-04-20', 109, 16, '2022-01-17', 36000.0);
insert into contract (start_dt, person_id, club_id, end_dt, week_salary) values ('2022-03-13', 109, 10, NULL, 53000.0);
insert into contract (start_dt, person_id, club_id, end_dt, week_salary) values ('2023-12-22', 110, 10, NULL, 81000.0);
insert into contract (start_dt, person_id, club_id, end_dt, week_salary) values ('2020-08-10', 111, 3, '2021-07-28', 49000.0);
insert into contract (start_dt, person_id, club_id, end_dt, week_salary) values ('2021-09-12', 111, 11, NULL, 35000.0);
insert into contract (start_dt, person_id, club_id, end_dt, week_salary) values ('2020-07-21', 112, 10, '2022-04-29', 23000.0);
insert into contract (start_dt, person_id, club_id, end_dt, week_salary) values ('2022-08-04', 112, 11, NULL, 52000.0);
insert into contract (start_dt, person_id, club_id, end_dt, week_salary) values ('2023-09-23', 113, 11, NULL, 31000.0);
insert into contract (start_dt, person_id, club_id, end_dt, week_salary) values ('2023-03-23', 114, 11, '2024-07-15', 104000.0);
insert into contract (start_dt, person_id, club_id, end_dt, week_salary) values ('2023-12-20', 115, 11, NULL, 64000.0);
insert into contract (start_dt, person_id, club_id, end_dt, week_salary) values ('2020-07-06', 116, 2, '2022-03-02', 19000.0);
insert into contract (start_dt, person_id, club_id, end_dt, week_salary) values ('2022-04-24', 116, 11, '2024-06-27', 27000.0);
insert into contract (start_dt, person_id, club_id, end_dt, week_salary) values ('2023-02-13', 117, 11, NULL, 20000.0);
insert into contract (start_dt, person_id, club_id, end_dt, week_salary) values ('2023-05-20', 118, 11, NULL, 44000.0);
insert into contract (start_dt, person_id, club_id, end_dt, week_salary) values ('2023-04-16', 119, 11, '2024-06-10', 81000.0);
insert into contract (start_dt, person_id, club_id, end_dt, week_salary) values ('2020-12-04', 120, 19, '2022-03-07', 9000.0);
insert into contract (start_dt, person_id, club_id, end_dt, week_salary) values ('2022-03-19', 120, 11, NULL, 80000.0);
insert into contract (start_dt, person_id, club_id, end_dt, week_salary) values ('2023-04-10', 121, 11, NULL, 83000.0);
insert into contract (start_dt, person_id, club_id, end_dt, week_salary) values ('2023-10-15', 122, 12, NULL, 95000.0);
insert into contract (start_dt, person_id, club_id, end_dt, week_salary) values ('2023-12-27', 123, 12, NULL, 12000.0);
insert into contract (start_dt, person_id, club_id, end_dt, week_salary) values ('2023-12-28', 124, 12, NULL, 113000.0);
insert into contract (start_dt, person_id, club_id, end_dt, week_salary) values ('2023-02-18', 125, 12, NULL, 74000.0);
insert into contract (start_dt, person_id, club_id, end_dt, week_salary) values ('2023-04-20', 126, 12, NULL, 74000.0);
insert into contract (start_dt, person_id, club_id, end_dt, week_salary) values ('2020-06-12', 127, 11, '2021-11-29', 43000.0);
insert into contract (start_dt, person_id, club_id, end_dt, week_salary) values ('2022-03-21', 127, 12, NULL, 40000.0);
insert into contract (start_dt, person_id, club_id, end_dt, week_salary) values ('2023-12-09', 128, 12, NULL, 60000.0);
insert into contract (start_dt, person_id, club_id, end_dt, week_salary) values ('2023-08-22', 129, 12, NULL, 36000.0);
insert into contract (start_dt, person_id, club_id, end_dt, week_salary) values ('2020-12-13', 130, 11, '2022-10-20', 12000.0);
insert into contract (start_dt, person_id, club_id, end_dt, week_salary) values ('2023-01-14', 130, 12, NULL, 96000.0);
insert into contract (start_dt, person_id, club_id, end_dt, week_salary) values ('2023-05-08', 131, 12, NULL, 104000.0);
insert into contract (start_dt, person_id, club_id, end_dt, week_salary) values ('2020-12-17', 132, 14, '2022-01-12', 38000.0);
insert into contract (start_dt, person_id, club_id, end_dt, week_salary) values ('2022-01-28', 132, 12, NULL, 58000.0);
insert into contract (start_dt, person_id, club_id, end_dt, week_salary) values ('2023-10-17', 133, 13, NULL, 13000.0);
insert into contract (start_dt, person_id, club_id, end_dt, week_salary) values ('2023-12-20', 134, 13, NULL, 18000.0);
insert into contract (start_dt, person_id, club_id, end_dt, week_salary) values ('2020-02-22', 135, 15, '2021-04-23', 9000.0);
insert into contract (start_dt, person_id, club_id, end_dt, week_salary) values ('2021-06-08', 135, 13, NULL, 114000.0);
insert into contract (start_dt, person_id, club_id, end_dt, week_salary) values ('2023-01-03', 136, 13, NULL, 120000.0);
insert into contract (start_dt, person_id, club_id, end_dt, week_salary) values ('2023-09-02', 137, 13, NULL, 84000.0);
insert into contract (start_dt, person_id, club_id, end_dt, week_salary) values ('2023-04-27', 138, 13, NULL, 79000.0);
insert into contract (start_dt, person_id, club_id, end_dt, week_salary) values ('2023-09-25', 139, 13, NULL, 59000.0);
insert into contract (start_dt, person_id, club_id, end_dt, week_salary) values ('2023-11-19', 140, 13, NULL, 85000.0);
insert into contract (start_dt, person_id, club_id, end_dt, week_salary) values ('2023-01-25', 141, 13, NULL, 110000.0);
insert into contract (start_dt, person_id, club_id, end_dt, week_salary) values ('2023-08-07', 142, 13, NULL, 33000.0);
insert into contract (start_dt, person_id, club_id, end_dt, week_salary) values ('2023-06-01', 143, 13, NULL, 37000.0);
insert into contract (start_dt, person_id, club_id, end_dt, week_salary) values ('2020-01-26', 144, 10, '2021-11-19', 39000.0);
insert into contract (start_dt, person_id, club_id, end_dt, week_salary) values ('2021-12-31', 144, 14, NULL, 38000.0);
insert into contract (start_dt, person_id, club_id, end_dt, week_salary) values ('2023-08-11', 145, 14, NULL, 25000.0);
insert into contract (start_dt, person_id, club_id, end_dt, week_salary) values ('2023-07-01', 146, 14, NULL, 75000.0);
insert into contract (start_dt, person_id, club_id, end_dt, week_salary) values ('2023-09-09', 147, 14, NULL, 26000.0);
insert into contract (start_dt, person_id, club_id, end_dt, week_salary) values ('2020-09-10', 148, 11, '2022-07-16', 45000.0);
insert into contract (start_dt, person_id, club_id, end_dt, week_salary) values ('2022-08-19', 148, 14, NULL, 82000.0);
insert into contract (start_dt, person_id, club_id, end_dt, week_salary) values ('2020-05-04', 149, 7, '2021-04-18', 22000.0);
insert into contract (start_dt, person_id, club_id, end_dt, week_salary) values ('2021-07-05', 149, 14, NULL, 81000.0);
insert into contract (start_dt, person_id, club_id, end_dt, week_salary) values ('2023-10-25', 150, 14, NULL, 88000.0);
insert into contract (start_dt, person_id, club_id, end_dt, week_salary) values ('2023-09-01', 151, 14, NULL, 104000.0);
insert into contract (start_dt, person_id, club_id, end_dt, week_salary) values ('2023-01-23', 152, 14, NULL, 68000.0);
insert into contract (start_dt, person_id, club_id, end_dt, week_salary) values ('2023-02-23', 153, 14, NULL, 85000.0);
insert into contract (start_dt, person_id, club_id, end_dt, week_salary) values ('2023-03-13', 154, 14, NULL, 95000.0);
insert into contract (start_dt, person_id, club_id, end_dt, week_salary) values ('2020-05-04', 155, 11, '2022-01-07', 43000.0);
insert into contract (start_dt, person_id, club_id, end_dt, week_salary) values ('2022-02-01', 155, 15, NULL, 75000.0);
insert into contract (start_dt, person_id, club_id, end_dt, week_salary) values ('2020-10-18', 156, 17, '2021-08-20', 13000.0);
insert into contract (start_dt, person_id, club_id, end_dt, week_salary) values ('2021-10-11', 156, 15, NULL, 75000.0);
insert into contract (start_dt, person_id, club_id, end_dt, week_salary) values ('2023-04-06', 157, 15, '2025-08-12', 33000.0);
insert into contract (start_dt, person_id, club_id, end_dt, week_salary) values ('2023-03-10', 158, 15, NULL, 32000.0);
insert into contract (start_dt, person_id, club_id, end_dt, week_salary) values ('2020-04-14', 159, 16, '2021-07-15', 15000.0);
insert into contract (start_dt, person_id, club_id, end_dt, week_salary) values ('2021-08-26', 159, 15, NULL, 44000.0);
insert into contract (start_dt, person_id, club_id, end_dt, week_salary) values ('2023-03-22', 160, 15, NULL, 69000.0);
insert into contract (start_dt, person_id, club_id, end_dt, week_salary) values ('2023-03-10', 161, 15, NULL, 76000.0);
insert into contract (start_dt, person_id, club_id, end_dt, week_salary) values ('2023-05-22', 162, 15, NULL, 65000.0);
insert into contract (start_dt, person_id, club_id, end_dt, week_salary) values ('2020-12-14', 163, 16, '2022-01-04', 27000.0);
insert into contract (start_dt, person_id, club_id, end_dt, week_salary) values ('2022-04-05', 163, 15, NULL, 106000.0);
insert into contract (start_dt, person_id, club_id, end_dt, week_salary) values ('2020-12-19', 164, 17, '2022-07-30', 13000.0);
insert into contract (start_dt, person_id, club_id, end_dt, week_salary) values ('2022-11-16', 164, 15, NULL, 16000.0);
insert into contract (start_dt, person_id, club_id, end_dt, week_salary) values ('2020-08-05', 165, 6, '2022-05-17', 11000.0);
insert into contract (start_dt, person_id, club_id, end_dt, week_salary) values ('2022-06-12', 165, 15, NULL, 27000.0);
insert into contract (start_dt, person_id, club_id, end_dt, week_salary) values ('2020-03-16', 166, 9, '2021-03-27', 15000.0);
insert into contract (start_dt, person_id, club_id, end_dt, week_salary) values ('2021-07-02', 166, 16, NULL, 91000.0);
insert into contract (start_dt, person_id, club_id, end_dt, week_salary) values ('2023-08-17', 167, 16, NULL, 98000.0);
insert into contract (start_dt, person_id, club_id, end_dt, week_salary) values ('2023-02-02', 168, 16, '2025-06-01', 59000.0);
insert into contract (start_dt, person_id, club_id, end_dt, week_salary) values ('2023-08-24', 169, 16, NULL, 91000.0);
insert into contract (start_dt, person_id, club_id, end_dt, week_salary) values ('2023-02-23', 170, 16, NULL, 75000.0);
insert into contract (start_dt, person_id, club_id, end_dt, week_salary) values ('2020-10-27', 171, 18, '2021-09-06', 35000.0);
insert into contract (start_dt, person_id, club_id, end_dt, week_salary) values ('2021-12-13', 171, 16, NULL, 104000.0);
insert into contract (start_dt, person_id, club_id, end_dt, week_salary) values ('2023-05-17', 172, 16, NULL, 99000.0);
insert into contract (start_dt, person_id, club_id, end_dt, week_salary) values ('2023-07-03', 173, 16, NULL, 50000.0);
insert into contract (start_dt, person_id, club_id, end_dt, week_salary) values ('2023-10-26', 174, 16, NULL, 35000.0);
insert into contract (start_dt, person_id, club_id, end_dt, week_salary) values ('2023-03-26', 175, 16, NULL, 80000.0);
insert into contract (start_dt, person_id, club_id, end_dt, week_salary) values ('2020-12-20', 176, 12, '2022-03-28', 34000.0);
insert into contract (start_dt, person_id, club_id, end_dt, week_salary) values ('2022-07-04', 176, 16, NULL, 72000.0);
insert into contract (start_dt, person_id, club_id, end_dt, week_salary) values ('2023-01-16', 177, 17, NULL, 68000.0);
insert into contract (start_dt, person_id, club_id, end_dt, week_salary) values ('2023-10-28', 178, 17, '2025-01-26', 57000.0);
insert into contract (start_dt, person_id, club_id, end_dt, week_salary) values ('2023-04-25', 179, 17, '2025-03-28', 68000.0);
insert into contract (start_dt, person_id, club_id, end_dt, week_salary) values ('2023-07-01', 180, 17, NULL, 77000.0);
insert into contract (start_dt, person_id, club_id, end_dt, week_salary) values ('2023-03-04', 181, 17, NULL, 108000.0);
insert into contract (start_dt, person_id, club_id, end_dt, week_salary) values ('2020-08-16', 182, 13, '2022-01-27', 39000.0);
insert into contract (start_dt, person_id, club_id, end_dt, week_salary) values ('2022-03-30', 182, 17, NULL, 95000.0);
insert into contract (start_dt, person_id, club_id, end_dt, week_salary) values ('2020-09-28', 183, 10, '2022-04-24', 23000.0);
insert into contract (start_dt, person_id, club_id, end_dt, week_salary) values ('2022-06-03', 183, 17, '2024-01-11', 68000.0);
insert into contract (start_dt, person_id, club_id, end_dt, week_salary) values ('2023-05-18', 184, 17, NULL, 70000.0);
insert into contract (start_dt, person_id, club_id, end_dt, week_salary) values ('2023-12-23', 185, 17, NULL, 99000.0);
insert into contract (start_dt, person_id, club_id, end_dt, week_salary) values ('2023-02-02', 186, 17, NULL, 76000.0);
insert into contract (start_dt, person_id, club_id, end_dt, week_salary) values ('2023-07-14', 187, 17, NULL, 85000.0);
insert into contract (start_dt, person_id, club_id, end_dt, week_salary) values ('2023-01-13', 188, 18, '2024-12-24', 106000.0);
insert into contract (start_dt, person_id, club_id, end_dt, week_salary) values ('2023-10-11', 189, 18, NULL, 120000.0);
insert into contract (start_dt, person_id, club_id, end_dt, week_salary) values ('2023-05-08', 190, 18, NULL, 95000.0);
insert into contract (start_dt, person_id, club_id, end_dt, week_salary) values ('2023-03-06', 191, 18, NULL, 28000.0);
insert into contract (start_dt, person_id, club_id, end_dt, week_salary) values ('2023-02-24', 192, 18, NULL, 15000.0);
insert into contract (start_dt, person_id, club_id, end_dt, week_salary) values ('2023-10-23', 193, 18, NULL, 42000.0);
insert into contract (start_dt, person_id, club_id, end_dt, week_salary) values ('2020-07-23', 194, 13, '2021-09-22', 13000.0);
insert into contract (start_dt, person_id, club_id, end_dt, week_salary) values ('2022-01-03', 194, 18, NULL, 45000.0);
insert into contract (start_dt, person_id, club_id, end_dt, week_salary) values ('2023-05-19', 195, 18, NULL, 22000.0);
insert into contract (start_dt, person_id, club_id, end_dt, week_salary) values ('2023-10-14', 196, 18, NULL, 64000.0);
insert into contract (start_dt, person_id, club_id, end_dt, week_salary) values ('2023-01-05', 197, 18, '2024-04-24', 98000.0);
insert into contract (start_dt, person_id, club_id, end_dt, week_salary) values ('2020-10-20', 198, 20, '2022-04-24', 26000.0);
insert into contract (start_dt, person_id, club_id, end_dt, week_salary) values ('2022-07-15', 198, 18, NULL, 110000.0);
insert into contract (start_dt, person_id, club_id, end_dt, week_salary) values ('2020-03-23', 199, 5, '2021-02-04', 19000.0);
insert into contract (start_dt, person_id, club_id, end_dt, week_salary) values ('2021-05-17', 199, 19, '2023-09-17', 23000.0);
insert into contract (start_dt, person_id, club_id, end_dt, week_salary) values ('2020-09-25', 200, 4, '2021-09-28', 31000.0);
insert into contract (start_dt, person_id, club_id, end_dt, week_salary) values ('2021-10-28', 200, 19, NULL, 92000.0);
insert into contract (start_dt, person_id, club_id, end_dt, week_salary) values ('2023-06-01', 201, 19, NULL, 61000.0);
insert into contract (start_dt, person_id, club_id, end_dt, week_salary) values ('2023-10-14', 202, 19, '2025-03-26', 26000.0);
insert into contract (start_dt, person_id, club_id, end_dt, week_salary) values ('2023-08-23', 203, 19, NULL, 116000.0);
insert into contract (start_dt, person_id, club_id, end_dt, week_salary) values ('2023-02-15', 204, 19, NULL, 97000.0);
insert into contract (start_dt, person_id, club_id, end_dt, week_salary) values ('2020-01-13', 205, 5, '2021-08-20', 50000.0);
insert into contract (start_dt, person_id, club_id, end_dt, week_salary) values ('2021-10-24', 205, 19, '2023-04-18', 66000.0);
insert into contract (start_dt, person_id, club_id, end_dt, week_salary) values ('2023-12-08', 206, 19, NULL, 63000.0);
insert into contract (start_dt, person_id, club_id, end_dt, week_salary) values ('2023-07-23', 207, 19, NULL, 37000.0);
insert into contract (start_dt, person_id, club_id, end_dt, week_salary) values ('2020-02-21', 208, 1, '2021-06-15', 12000.0);
insert into contract (start_dt, person_id, club_id, end_dt, week_salary) values ('2021-10-01', 208, 19, NULL, 67000.0);
insert into contract (start_dt, person_id, club_id, end_dt, week_salary) values ('2023-03-08', 209, 19, NULL, 65000.0);
insert into contract (start_dt, person_id, club_id, end_dt, week_salary) values ('2023-04-18', 210, 20, NULL, 77000.0);
insert into contract (start_dt, person_id, club_id, end_dt, week_salary) values ('2023-08-16', 211, 20, NULL, 24000.0);
insert into contract (start_dt, person_id, club_id, end_dt, week_salary) values ('2020-12-26', 212, 9, '2022-03-03', 44000.0);
insert into contract (start_dt, person_id, club_id, end_dt, week_salary) values ('2022-06-26', 212, 20, NULL, 88000.0);
insert into contract (start_dt, person_id, club_id, end_dt, week_salary) values ('2020-05-04', 213, 12, '2021-11-23', 9000.0);
insert into contract (start_dt, person_id, club_id, end_dt, week_salary) values ('2021-12-31', 213, 20, NULL, 103000.0);
insert into contract (start_dt, person_id, club_id, end_dt, week_salary) values ('2023-09-26', 214, 20, NULL, 110000.0);
insert into contract (start_dt, person_id, club_id, end_dt, week_salary) values ('2020-09-27', 215, 17, '2022-03-05', 34000.0);
insert into contract (start_dt, person_id, club_id, end_dt, week_salary) values ('2022-06-18', 215, 20, NULL, 80000.0);
insert into contract (start_dt, person_id, club_id, end_dt, week_salary) values ('2023-01-27', 216, 20, NULL, 39000.0);
insert into contract (start_dt, person_id, club_id, end_dt, week_salary) values ('2020-04-05', 217, 19, '2021-04-01', 13000.0);
insert into contract (start_dt, person_id, club_id, end_dt, week_salary) values ('2021-04-20', 217, 20, NULL, 89000.0);
insert into contract (start_dt, person_id, club_id, end_dt, week_salary) values ('2023-07-01', 218, 20, NULL, 113000.0);
insert into contract (start_dt, person_id, club_id, end_dt, week_salary) values ('2020-02-07', 219, 19, '2021-06-22', 20000.0);
insert into contract (start_dt, person_id, club_id, end_dt, week_salary) values ('2021-07-25', 219, 20, NULL, 83000.0);
insert into contract (start_dt, person_id, club_id, end_dt, week_salary) values ('2023-09-11', 220, 20, NULL, 72000.0);
insert into contract (start_dt, person_id, club_id, end_dt, week_salary) values ('2024-06-21', 221, 1, NULL, 71000.0);
insert into contract (start_dt, person_id, club_id, end_dt, week_salary) values ('2024-07-10', 222, 2, NULL, 87000.0);
insert into contract (start_dt, person_id, club_id, end_dt, week_salary) values ('2024-06-10', 223, 3, NULL, 86000.0);
insert into contract (start_dt, person_id, club_id, end_dt, week_salary) values ('2021-01-05', 224, 6, '2022-01-01', 45000.0);
insert into contract (start_dt, person_id, club_id, end_dt, week_salary) values ('2022-02-04', 224, 4, NULL, 89000.0);
insert into contract (start_dt, person_id, club_id, end_dt, week_salary) values ('2024-11-09', 225, 5, NULL, 36000.0);
insert into contract (start_dt, person_id, club_id, end_dt, week_salary) values ('2024-07-22', 226, 6, NULL, 32000.0);
insert into contract (start_dt, person_id, club_id, end_dt, week_salary) values ('2024-02-15', 227, 7, NULL, 91000.0);
insert into contract (start_dt, person_id, club_id, end_dt, week_salary) values ('2021-07-02', 228, 11, '2022-08-04', 53000.0);
insert into contract (start_dt, person_id, club_id, end_dt, week_salary) values ('2022-10-11', 228, 8, NULL, 46000.0);
insert into contract (start_dt, person_id, club_id, end_dt, week_salary) values ('2021-12-24', 229, 10, '2022-12-08', 57000.0);
insert into contract (start_dt, person_id, club_id, end_dt, week_salary) values ('2023-02-25', 229, 9, NULL, 63000.0);
insert into contract (start_dt, person_id, club_id, end_dt, week_salary) values ('2024-06-11', 230, 10, NULL, 36000.0);
insert into contract (start_dt, person_id, club_id, end_dt, week_salary) values ('2024-02-03', 231, 11, NULL, 47000.0);
insert into contract (start_dt, person_id, club_id, end_dt, week_salary) values ('2024-12-19', 232, 12, NULL, 33000.0);
insert into contract (start_dt, person_id, club_id, end_dt, week_salary) values ('2021-05-16', 233, 4, '2022-02-20', 19000.0);
insert into contract (start_dt, person_id, club_id, end_dt, week_salary) values ('2022-05-25', 233, 13, NULL, 21000.0);
insert into contract (start_dt, person_id, club_id, end_dt, week_salary) values ('2021-03-15', 234, 12, '2022-01-23', 40000.0);
insert into contract (start_dt, person_id, club_id, end_dt, week_salary) values ('2022-04-27', 234, 14, NULL, 28000.0);
insert into contract (start_dt, person_id, club_id, end_dt, week_salary) values ('2024-12-03', 235, 15, NULL, 20000.0);
insert into contract (start_dt, person_id, club_id, end_dt, week_salary) values ('2024-06-25', 236, 16, NULL, 56000.0);
insert into contract (start_dt, person_id, club_id, end_dt, week_salary) values ('2024-10-04', 237, 17, NULL, 61000.0);
insert into contract (start_dt, person_id, club_id, end_dt, week_salary) values ('2024-06-11', 238, 18, NULL, 90000.0);
insert into contract (start_dt, person_id, club_id, end_dt, week_salary) values ('2024-08-23', 239, 19, NULL, 41000.0);
insert into contract (start_dt, person_id, club_id, end_dt, week_salary) values ('2024-05-22', 240, 20, NULL, 81000.0);
insert into game (game_id, main_ref_id, away_club, home_club, tournament_id, game_dt, weather_id, home_goals, away_goals) values (1, 241, 1, 6, 1, '2023-05-25 18:00:00', 16, 2, 1);
insert into game (game_id, main_ref_id, away_club, home_club, tournament_id, game_dt, weather_id, home_goals, away_goals) values (2, 241, 2, 1, 1, '2022-12-04 21:00:00', 13, 1, 2);
insert into game (game_id, main_ref_id, away_club, home_club, tournament_id, game_dt, weather_id, home_goals, away_goals) values (3, 244, 5, 2, 1, '2023-05-23 18:00:00', 19, 2, 0);
insert into game (game_id, main_ref_id, away_club, home_club, tournament_id, game_dt, weather_id, home_goals, away_goals) values (4, 260, 7, 8, 2, '2026-03-24 18:00:00', 24, 2, 2);
insert into game (game_id, main_ref_id, away_club, home_club, tournament_id, game_dt, weather_id, home_goals, away_goals) values (5, 250, 7, 8, 2, '2025-10-01 14:00:00', 17, 3, 5);
insert into game (game_id, main_ref_id, away_club, home_club, tournament_id, game_dt, weather_id, home_goals, away_goals) values (6, 260, 7, 8, 2, '2025-11-02 16:00:00', 9, 1, 3);
insert into game (game_id, main_ref_id, away_club, home_club, tournament_id, game_dt, weather_id, home_goals, away_goals) values (7, 260, 12, 11, 3, '2025-08-07 21:00:00', 21, 1, 1);
insert into game (game_id, main_ref_id, away_club, home_club, tournament_id, game_dt, weather_id, home_goals, away_goals) values (8, 247, 11, 12, 3, '2025-12-07 14:00:00', 11, 2, 0);
insert into game (game_id, main_ref_id, away_club, home_club, tournament_id, game_dt, weather_id, home_goals, away_goals) values (9, 244, 14, 13, 4, '2025-11-18 20:00:00', 9, 1, 5);
insert into game (game_id, main_ref_id, away_club, home_club, tournament_id, game_dt, weather_id, home_goals, away_goals) values (10, 244, 16, 15, 5, '2023-09-05 20:00:00', 14, 0, 0);
insert into game (game_id, main_ref_id, away_club, home_club, tournament_id, game_dt, weather_id, home_goals, away_goals) values (11, 247, 15, 16, 5, '2024-05-01 14:00:00', 14, 0, 0);
insert into game (game_id, main_ref_id, away_club, home_club, tournament_id, game_dt, weather_id, home_goals, away_goals) values (12, 243, 17, 18, 6, '2026-03-23 16:00:00', 22, 2, 4);
insert into game (game_id, main_ref_id, away_club, home_club, tournament_id, game_dt, weather_id, home_goals, away_goals) values (13, 260, 16, 9, 7, '2024-09-03 16:00:00', 1, 1, 3);
insert into game (game_id, main_ref_id, away_club, home_club, tournament_id, game_dt, weather_id, home_goals, away_goals) values (14, 256, 16, 11, 8, '2025-02-11 21:00:00', 13, 1, 0);
insert into game (game_id, main_ref_id, away_club, home_club, tournament_id, game_dt, weather_id, home_goals, away_goals) values (15, 256, 15, 16, 8, '2024-08-19 18:00:00', 18, 1, 5);
insert into game (game_id, main_ref_id, away_club, home_club, tournament_id, game_dt, weather_id, home_goals, away_goals) values (16, 259, 17, 8, 11, '2023-09-28 18:00:00', 24, 4, 0);
insert into game (game_id, main_ref_id, away_club, home_club, tournament_id, game_dt, weather_id, home_goals, away_goals) values (17, 256, 20, 8, 12, '2025-09-10 14:00:00', 11, 1, 1);
insert into game (game_id, main_ref_id, away_club, home_club, tournament_id, game_dt, weather_id, home_goals, away_goals) values (18, 241, 3, 8, 13, '2023-09-08 20:00:00', 16, 4, 4);
insert into game (game_id, main_ref_id, away_club, home_club, tournament_id, game_dt, weather_id, home_goals, away_goals) values (19, 256, 1, 15, 14, '2025-08-06 14:00:00', 3, 3, 0);
insert into game (game_id, main_ref_id, away_club, home_club, tournament_id, game_dt, weather_id, home_goals, away_goals) values (20, 241, 5, 2, 15, '2024-08-14 16:00:00', 1, 1, 4);
insert into game (game_id, main_ref_id, away_club, home_club, tournament_id, game_dt, weather_id, home_goals, away_goals) values (21, 250, 9, 5, 15, '2024-11-22 16:00:00', 6, 2, 3);
insert into game (game_id, main_ref_id, away_club, home_club, tournament_id, game_dt, weather_id, home_goals, away_goals) values (22, 247, 12, 20, 16, '2026-02-16 21:00:00', 12, 0, 1);
insert into game (game_id, main_ref_id, away_club, home_club, tournament_id, game_dt, weather_id, home_goals, away_goals) values (23, 256, 1, 9, 17, '2024-11-22 18:00:00', 2, 2, 2);
insert into game (game_id, main_ref_id, away_club, home_club, tournament_id, game_dt, weather_id, home_goals, away_goals) values (24, 257, 1, 18, 17, '2024-12-18 20:00:00', 8, 0, 1);
insert into game (game_id, main_ref_id, away_club, home_club, tournament_id, game_dt, weather_id, home_goals, away_goals) values (25, 241, 1, 14, 17, '2024-09-03 18:00:00', 20, 1, 1);
insert into game (game_id, main_ref_id, away_club, home_club, tournament_id, game_dt, weather_id, home_goals, away_goals) values (26, 243, 12, 2, 18, '2024-08-20 18:00:00', 24, 4, 3);
insert into game (game_id, main_ref_id, away_club, home_club, tournament_id, game_dt, weather_id, home_goals, away_goals) values (27, 256, 5, 19, 19, '2023-02-09 16:00:00', 7, 4, 0);
insert into game (game_id, main_ref_id, away_club, home_club, tournament_id, game_dt, weather_id, home_goals, away_goals) values (28, 250, 5, 18, 19, '2022-12-13 16:00:00', 12, 3, 0);
insert into game (game_id, main_ref_id, away_club, home_club, tournament_id, game_dt, weather_id, home_goals, away_goals) values (29, 241, 14, 9, 20, '2025-10-26 18:00:00', 23, 0, 0);
insert into game (game_id, main_ref_id, away_club, home_club, tournament_id, game_dt, weather_id, home_goals, away_goals) values (30, 241, 19, 4, 20, '2025-09-23 18:00:00', 8, 0, 1);
insert into game (game_id, main_ref_id, away_club, home_club, tournament_id, game_dt, weather_id, home_goals, away_goals) values (31, 259, 9, 4, 20, '2026-05-02 16:00:00', 1, 1, 3);
insert into game (game_id, main_ref_id, away_club, home_club, tournament_id, game_dt, weather_id, home_goals, away_goals) values (32, 243, 16, 17, 21, '2025-03-10 18:00:00', 11, 1, 2);
insert into game (game_id, main_ref_id, away_club, home_club, tournament_id, game_dt, weather_id, home_goals, away_goals) values (33, 249, 19, 8, 22, '2021-10-17 16:00:00', 5, 1, 3);
insert into game (game_id, main_ref_id, away_club, home_club, tournament_id, game_dt, weather_id, home_goals, away_goals) values (34, 249, 7, 1, 24, '2022-08-24 18:00:00', 9, 2, 0);
insert into game (game_id, main_ref_id, away_club, home_club, tournament_id, game_dt, weather_id, home_goals, away_goals) values (35, 251, 20, 1, 24, '2022-11-20 18:00:00', 12, 2, 0);
insert into game (game_id, main_ref_id, away_club, home_club, tournament_id, game_dt, weather_id, home_goals, away_goals) values (36, 259, 14, 15, 25, '2022-10-25 21:00:00', 10, 2, 1);
insert into game (game_id, main_ref_id, away_club, home_club, tournament_id, game_dt, weather_id, home_goals, away_goals) values (37, 247, 5, 3, 26, '2025-04-11 20:00:00', 3, 4, 6);
insert into game (game_id, main_ref_id, away_club, home_club, tournament_id, game_dt, weather_id, home_goals, away_goals) values (38, 247, 5, 15, 26, '2025-05-09 21:00:00', 23, 5, 3);
insert into game (game_id, main_ref_id, away_club, home_club, tournament_id, game_dt, weather_id, home_goals, away_goals) values (39, 260, 3, 1, 26, '2024-10-28 14:00:00', 22, 3, 3);
insert into game (game_id, main_ref_id, away_club, home_club, tournament_id, game_dt, weather_id, home_goals, away_goals) values (40, 252, 5, 18, 27, '2023-11-14 14:00:00', 24, 1, 2);
insert into game (game_id, main_ref_id, away_club, home_club, tournament_id, game_dt, weather_id, home_goals, away_goals) values (41, 257, 18, 5, 27, '2023-09-17 14:00:00', 7, 5, 3);
insert into game (game_id, main_ref_id, away_club, home_club, tournament_id, game_dt, weather_id, home_goals, away_goals) values (42, 256, 5, 18, 27, '2024-02-15 16:00:00', 22, 1, 1);
insert into game (game_id, main_ref_id, away_club, home_club, tournament_id, game_dt, weather_id, home_goals, away_goals) values (43, 241, 11, 10, 28, '2023-03-27 18:00:00', 2, 0, 0);
insert into game (game_id, main_ref_id, away_club, home_club, tournament_id, game_dt, weather_id, home_goals, away_goals) values (44, 253, 12, 11, 28, '2022-11-15 21:00:00', 16, 2, 4);
insert into game (game_id, main_ref_id, away_club, home_club, tournament_id, game_dt, weather_id, home_goals, away_goals) values (45, 253, 14, 13, 29, '2024-10-22 20:00:00', 15, 3, 0);
insert into game (game_id, main_ref_id, away_club, home_club, tournament_id, game_dt, weather_id, home_goals, away_goals) values (46, 247, 9, 8, 30, '2023-12-09 16:00:00', 23, 3, 1);
insert into game (game_id, main_ref_id, away_club, home_club, tournament_id, game_dt, weather_id, home_goals, away_goals) values (47, 257, 9, 7, 30, '2024-02-12 21:00:00', 13, 2, 2);
insert into player_stats (game_id, player_id, position, sub_on, sub_off, red_card, yellow_card, assist, goal) values (1, 56, 'GK', NULL, NULL, false, 0, 0, 0);
insert into player_stats (game_id, player_id, position, sub_on, sub_off, red_card, yellow_card, assist, goal) values (1, 59, 'LB', NULL, NULL, false, 1, 0, 0);
insert into player_stats (game_id, player_id, position, sub_on, sub_off, red_card, yellow_card, assist, goal) values (1, 60, 'CB', NULL, NULL, false, 0, 0, 0);
insert into player_stats (game_id, player_id, position, sub_on, sub_off, red_card, yellow_card, assist, goal) values (1, 58, 'LWB', NULL, NULL, false, 0, 0, 0);
insert into player_stats (game_id, player_id, position, sub_on, sub_off, red_card, yellow_card, assist, goal) values (1, 57, 'CB', 1, 35, false, 0, 0, 0);
insert into player_stats (game_id, player_id, position, sub_on, sub_off, red_card, yellow_card, assist, goal) values (1, 62, 'CM', NULL, NULL, false, 0, 0, 0);
insert into player_stats (game_id, player_id, position, sub_on, sub_off, red_card, yellow_card, assist, goal) values (1, 63, 'RM', NULL, NULL, false, 1, 0, 0);
insert into player_stats (game_id, player_id, position, sub_on, sub_off, red_card, yellow_card, assist, goal) values (1, 61, 'CDM', NULL, NULL, false, 0, 0, 2);
insert into player_stats (game_id, player_id, position, sub_on, sub_off, red_card, yellow_card, assist, goal) values (1, 64, 'CM', 43, NULL, false, 0, 0, 0);
insert into player_stats (game_id, player_id, position, sub_on, sub_off, red_card, yellow_card, assist, goal) values (1, 66, 'LW', NULL, NULL, false, 0, 0, 0);
insert into player_stats (game_id, player_id, position, sub_on, sub_off, red_card, yellow_card, assist, goal) values (1, 65, 'RW', NULL, NULL, false, 0, 0, 0);
insert into player_stats (game_id, player_id, position, sub_on, sub_off, red_card, yellow_card, assist, goal) values (1, 1, 'GK', NULL, NULL, false, 0, 0, 0);
insert into player_stats (game_id, player_id, position, sub_on, sub_off, red_card, yellow_card, assist, goal) values (1, 5, 'RB', NULL, NULL, false, 0, 0, 0);
insert into player_stats (game_id, player_id, position, sub_on, sub_off, red_card, yellow_card, assist, goal) values (1, 2, 'RB', NULL, NULL, false, 0, 0, 0);
insert into player_stats (game_id, player_id, position, sub_on, sub_off, red_card, yellow_card, assist, goal) values (1, 3, 'CB', NULL, NULL, false, 0, 0, 0);
insert into player_stats (game_id, player_id, position, sub_on, sub_off, red_card, yellow_card, assist, goal) values (1, 4, 'RB', NULL, NULL, false, 0, 0, 0);
insert into player_stats (game_id, player_id, position, sub_on, sub_off, red_card, yellow_card, assist, goal) values (1, 6, 'RM', NULL, NULL, false, 0, 0, 0);
insert into player_stats (game_id, player_id, position, sub_on, sub_off, red_card, yellow_card, assist, goal) values (1, 8, 'RM', NULL, NULL, false, 1, 0, 0);
insert into player_stats (game_id, player_id, position, sub_on, sub_off, red_card, yellow_card, assist, goal) values (1, 7, 'CAM', NULL, NULL, false, 0, 0, 0);
insert into player_stats (game_id, player_id, position, sub_on, sub_off, red_card, yellow_card, assist, goal) values (1, 9, 'LM', NULL, NULL, false, 0, 0, 1);
insert into player_stats (game_id, player_id, position, sub_on, sub_off, red_card, yellow_card, assist, goal) values (1, 10, 'CF', NULL, NULL, false, 0, 1, 0);
insert into player_stats (game_id, player_id, position, sub_on, sub_off, red_card, yellow_card, assist, goal) values (1, 11, 'CF', NULL, NULL, false, 0, 0, 0);
insert into player_stats (game_id, player_id, position, sub_on, sub_off, red_card, yellow_card, assist, goal) values (2, 1, 'GK', NULL, NULL, false, 1, 0, 0);
insert into player_stats (game_id, player_id, position, sub_on, sub_off, red_card, yellow_card, assist, goal) values (2, 3, 'RB', 59, NULL, false, 1, 0, 0);
insert into player_stats (game_id, player_id, position, sub_on, sub_off, red_card, yellow_card, assist, goal) values (2, 2, 'LWB', NULL, NULL, false, 0, 1, 0);
insert into player_stats (game_id, player_id, position, sub_on, sub_off, red_card, yellow_card, assist, goal) values (2, 4, 'RB', NULL, NULL, false, 0, 0, 0);
insert into player_stats (game_id, player_id, position, sub_on, sub_off, red_card, yellow_card, assist, goal) values (2, 5, 'LB', NULL, NULL, false, 1, 0, 0);
insert into player_stats (game_id, player_id, position, sub_on, sub_off, red_card, yellow_card, assist, goal) values (2, 9, 'CAM', NULL, NULL, false, 0, 0, 0);
insert into player_stats (game_id, player_id, position, sub_on, sub_off, red_card, yellow_card, assist, goal) values (2, 8, 'CAM', NULL, NULL, false, 0, 0, 0);
insert into player_stats (game_id, player_id, position, sub_on, sub_off, red_card, yellow_card, assist, goal) values (2, 7, 'RM', NULL, NULL, false, 0, 0, 0);
insert into player_stats (game_id, player_id, position, sub_on, sub_off, red_card, yellow_card, assist, goal) values (2, 6, 'LM', NULL, NULL, false, 0, 0, 1);
insert into player_stats (game_id, player_id, position, sub_on, sub_off, red_card, yellow_card, assist, goal) values (2, 10, 'RW', NULL, NULL, false, 0, 0, 0);
insert into player_stats (game_id, player_id, position, sub_on, sub_off, red_card, yellow_card, assist, goal) values (2, 11, 'LW', NULL, NULL, false, 0, 0, 0);
insert into player_stats (game_id, player_id, position, sub_on, sub_off, red_card, yellow_card, assist, goal) values (2, 12, 'GK', NULL, NULL, false, 0, 0, 0);
insert into player_stats (game_id, player_id, position, sub_on, sub_off, red_card, yellow_card, assist, goal) values (2, 14, 'CB', 72, NULL, false, 0, 0, 0);
insert into player_stats (game_id, player_id, position, sub_on, sub_off, red_card, yellow_card, assist, goal) values (2, 13, 'CB', NULL, NULL, false, 0, 0, 0);
insert into player_stats (game_id, player_id, position, sub_on, sub_off, red_card, yellow_card, assist, goal) values (2, 16, 'LWB', NULL, NULL, false, 0, 1, 0);
insert into player_stats (game_id, player_id, position, sub_on, sub_off, red_card, yellow_card, assist, goal) values (2, 15, 'RWB', NULL, NULL, false, 0, 0, 0);
insert into player_stats (game_id, player_id, position, sub_on, sub_off, red_card, yellow_card, assist, goal) values (2, 18, 'CAM', 80, NULL, false, 1, 0, 0);
insert into player_stats (game_id, player_id, position, sub_on, sub_off, red_card, yellow_card, assist, goal) values (2, 19, 'RM', NULL, NULL, false, 0, 0, 0);
insert into player_stats (game_id, player_id, position, sub_on, sub_off, red_card, yellow_card, assist, goal) values (2, 20, 'CAM', NULL, NULL, false, 0, 0, 0);
insert into player_stats (game_id, player_id, position, sub_on, sub_off, red_card, yellow_card, assist, goal) values (2, 17, 'CDM', NULL, NULL, false, 0, 0, 0);
insert into player_stats (game_id, player_id, position, sub_on, sub_off, red_card, yellow_card, assist, goal) values (2, 22, 'RW', NULL, NULL, false, 0, 0, 2);
insert into player_stats (game_id, player_id, position, sub_on, sub_off, red_card, yellow_card, assist, goal) values (2, 21, 'CF', NULL, NULL, false, 0, 0, 0);
insert into player_stats (game_id, player_id, position, sub_on, sub_off, red_card, yellow_card, assist, goal) values (3, 12, 'GK', NULL, NULL, false, 0, 0, 0);
insert into player_stats (game_id, player_id, position, sub_on, sub_off, red_card, yellow_card, assist, goal) values (3, 16, 'RWB', NULL, NULL, false, 0, 0, 0);
insert into player_stats (game_id, player_id, position, sub_on, sub_off, red_card, yellow_card, assist, goal) values (3, 13, 'RWB', NULL, NULL, false, 0, 0, 0);
insert into player_stats (game_id, player_id, position, sub_on, sub_off, red_card, yellow_card, assist, goal) values (3, 14, 'LB', 31, 86, false, 0, 0, 0);
insert into player_stats (game_id, player_id, position, sub_on, sub_off, red_card, yellow_card, assist, goal) values (3, 15, 'RB', NULL, NULL, false, 0, 0, 0);
insert into player_stats (game_id, player_id, position, sub_on, sub_off, red_card, yellow_card, assist, goal) values (3, 17, 'CAM', NULL, NULL, false, 0, 0, 0);
insert into player_stats (game_id, player_id, position, sub_on, sub_off, red_card, yellow_card, assist, goal) values (3, 20, 'RM', NULL, NULL, false, 0, 0, 1);
insert into player_stats (game_id, player_id, position, sub_on, sub_off, red_card, yellow_card, assist, goal) values (3, 18, 'CDM', NULL, NULL, false, 0, 0, 0);
insert into player_stats (game_id, player_id, position, sub_on, sub_off, red_card, yellow_card, assist, goal) values (3, 19, 'CAM', NULL, NULL, false, 0, 0, 0);
insert into player_stats (game_id, player_id, position, sub_on, sub_off, red_card, yellow_card, assist, goal) values (3, 22, 'ST', NULL, NULL, false, 0, 0, 1);
insert into player_stats (game_id, player_id, position, sub_on, sub_off, red_card, yellow_card, assist, goal) values (3, 21, 'LW', 63, NULL, false, 0, 0, 0);
insert into player_stats (game_id, player_id, position, sub_on, sub_off, red_card, yellow_card, assist, goal) values (3, 45, 'GK', NULL, NULL, false, 0, 0, 0);
insert into player_stats (game_id, player_id, position, sub_on, sub_off, red_card, yellow_card, assist, goal) values (3, 49, 'CB', NULL, NULL, false, 0, 0, 0);
insert into player_stats (game_id, player_id, position, sub_on, sub_off, red_card, yellow_card, assist, goal) values (3, 48, 'RWB', NULL, NULL, false, 0, 0, 0);
insert into player_stats (game_id, player_id, position, sub_on, sub_off, red_card, yellow_card, assist, goal) values (3, 47, 'LWB', NULL, NULL, false, 0, 0, 0);
insert into player_stats (game_id, player_id, position, sub_on, sub_off, red_card, yellow_card, assist, goal) values (3, 46, 'LB', NULL, NULL, false, 0, 0, 0);
insert into player_stats (game_id, player_id, position, sub_on, sub_off, red_card, yellow_card, assist, goal) values (3, 51, 'RM', NULL, NULL, false, 0, 1, 0);
insert into player_stats (game_id, player_id, position, sub_on, sub_off, red_card, yellow_card, assist, goal) values (3, 52, 'CM', NULL, NULL, false, 0, 0, 0);
insert into player_stats (game_id, player_id, position, sub_on, sub_off, red_card, yellow_card, assist, goal) values (3, 53, 'CM', NULL, NULL, false, 0, 0, 0);
insert into player_stats (game_id, player_id, position, sub_on, sub_off, red_card, yellow_card, assist, goal) values (3, 50, 'CM', NULL, NULL, false, 0, 0, 0);
insert into player_stats (game_id, player_id, position, sub_on, sub_off, red_card, yellow_card, assist, goal) values (3, 54, 'CF', NULL, NULL, false, 0, 0, 0);
insert into player_stats (game_id, player_id, position, sub_on, sub_off, red_card, yellow_card, assist, goal) values (3, 55, 'ST', NULL, NULL, false, 0, 0, 0);
insert into player_stats (game_id, player_id, position, sub_on, sub_off, red_card, yellow_card, assist, goal) values (4, 78, 'GK', NULL, NULL, false, 1, 1, 0);
insert into player_stats (game_id, player_id, position, sub_on, sub_off, red_card, yellow_card, assist, goal) values (4, 79, 'LB', NULL, NULL, false, 0, 0, 0);
insert into player_stats (game_id, player_id, position, sub_on, sub_off, red_card, yellow_card, assist, goal) values (4, 80, 'LB', NULL, NULL, false, 0, 0, 0);
insert into player_stats (game_id, player_id, position, sub_on, sub_off, red_card, yellow_card, assist, goal) values (4, 82, 'CB', NULL, NULL, false, 0, 0, 0);
insert into player_stats (game_id, player_id, position, sub_on, sub_off, red_card, yellow_card, assist, goal) values (4, 81, 'RWB', NULL, NULL, false, 0, 0, 0);
insert into player_stats (game_id, player_id, position, sub_on, sub_off, red_card, yellow_card, assist, goal) values (4, 83, 'CAM', NULL, NULL, false, 0, 0, 0);
insert into player_stats (game_id, player_id, position, sub_on, sub_off, red_card, yellow_card, assist, goal) values (4, 86, 'CAM', NULL, NULL, false, 0, 0, 0);
insert into player_stats (game_id, player_id, position, sub_on, sub_off, red_card, yellow_card, assist, goal) values (4, 85, 'RM', NULL, NULL, false, 0, 0, 0);
insert into player_stats (game_id, player_id, position, sub_on, sub_off, red_card, yellow_card, assist, goal) values (4, 84, 'CDM', NULL, NULL, false, 1, 0, 0);
insert into player_stats (game_id, player_id, position, sub_on, sub_off, red_card, yellow_card, assist, goal) values (4, 88, 'CF', NULL, NULL, false, 1, 0, 1);
insert into player_stats (game_id, player_id, position, sub_on, sub_off, red_card, yellow_card, assist, goal) values (4, 87, 'LW', NULL, NULL, false, 0, 0, 1);
insert into player_stats (game_id, player_id, position, sub_on, sub_off, red_card, yellow_card, assist, goal) values (4, 67, 'GK', NULL, NULL, false, 0, 0, 0);
insert into player_stats (game_id, player_id, position, sub_on, sub_off, red_card, yellow_card, assist, goal) values (4, 70, 'LWB', NULL, NULL, false, 0, 0, 0);
insert into player_stats (game_id, player_id, position, sub_on, sub_off, red_card, yellow_card, assist, goal) values (4, 71, 'CB', NULL, NULL, false, 0, 0, 0);
insert into player_stats (game_id, player_id, position, sub_on, sub_off, red_card, yellow_card, assist, goal) values (4, 68, 'CB', NULL, NULL, false, 1, 0, 0);
insert into player_stats (game_id, player_id, position, sub_on, sub_off, red_card, yellow_card, assist, goal) values (4, 69, 'CB', NULL, NULL, false, 0, 1, 0);
insert into player_stats (game_id, player_id, position, sub_on, sub_off, red_card, yellow_card, assist, goal) values (4, 73, 'CAM', NULL, NULL, false, 0, 0, 2);
insert into player_stats (game_id, player_id, position, sub_on, sub_off, red_card, yellow_card, assist, goal) values (4, 74, 'RM', NULL, NULL, false, 0, 0, 0);
insert into player_stats (game_id, player_id, position, sub_on, sub_off, red_card, yellow_card, assist, goal) values (4, 75, 'RM', NULL, NULL, false, 0, 0, 0);
insert into player_stats (game_id, player_id, position, sub_on, sub_off, red_card, yellow_card, assist, goal) values (4, 72, 'CM', NULL, NULL, false, 0, 0, 0);
insert into player_stats (game_id, player_id, position, sub_on, sub_off, red_card, yellow_card, assist, goal) values (4, 77, 'LW', NULL, NULL, false, 0, 0, 0);
insert into player_stats (game_id, player_id, position, sub_on, sub_off, red_card, yellow_card, assist, goal) values (4, 76, 'LW', NULL, NULL, false, 0, 0, 0);
insert into player_stats (game_id, player_id, position, sub_on, sub_off, red_card, yellow_card, assist, goal) values (5, 78, 'GK', NULL, NULL, false, 0, 0, 0);
insert into player_stats (game_id, player_id, position, sub_on, sub_off, red_card, yellow_card, assist, goal) values (5, 80, 'CB', NULL, NULL, false, 0, 0, 0);
insert into player_stats (game_id, player_id, position, sub_on, sub_off, red_card, yellow_card, assist, goal) values (5, 81, 'RB', 29, NULL, false, 0, 1, 0);
insert into player_stats (game_id, player_id, position, sub_on, sub_off, red_card, yellow_card, assist, goal) values (5, 82, 'CB', NULL, NULL, false, 1, 0, 0);
insert into player_stats (game_id, player_id, position, sub_on, sub_off, red_card, yellow_card, assist, goal) values (5, 79, 'CB', 25, NULL, false, 0, 1, 0);
insert into player_stats (game_id, player_id, position, sub_on, sub_off, red_card, yellow_card, assist, goal) values (5, 86, 'RM', NULL, NULL, false, 1, 0, 0);
insert into player_stats (game_id, player_id, position, sub_on, sub_off, red_card, yellow_card, assist, goal) values (5, 83, 'LM', NULL, NULL, false, 1, 0, 1);
insert into player_stats (game_id, player_id, position, sub_on, sub_off, red_card, yellow_card, assist, goal) values (5, 84, 'CAM', NULL, NULL, false, 0, 2, 0);
insert into player_stats (game_id, player_id, position, sub_on, sub_off, red_card, yellow_card, assist, goal) values (5, 85, 'LM', NULL, NULL, false, 0, 0, 2);
insert into player_stats (game_id, player_id, position, sub_on, sub_off, red_card, yellow_card, assist, goal) values (5, 87, 'RW', NULL, NULL, false, 0, 1, 0);
insert into player_stats (game_id, player_id, position, sub_on, sub_off, red_card, yellow_card, assist, goal) values (5, 88, 'RW', NULL, NULL, false, 0, 0, 0);
insert into player_stats (game_id, player_id, position, sub_on, sub_off, red_card, yellow_card, assist, goal) values (5, 67, 'GK', NULL, NULL, false, 0, 0, 0);
insert into player_stats (game_id, player_id, position, sub_on, sub_off, red_card, yellow_card, assist, goal) values (5, 70, 'RWB', NULL, NULL, false, 1, 0, 0);
insert into player_stats (game_id, player_id, position, sub_on, sub_off, red_card, yellow_card, assist, goal) values (5, 71, 'RB', NULL, NULL, false, 0, 0, 0);
insert into player_stats (game_id, player_id, position, sub_on, sub_off, red_card, yellow_card, assist, goal) values (5, 69, 'CB', 52, NULL, false, 0, 0, 0);
insert into player_stats (game_id, player_id, position, sub_on, sub_off, red_card, yellow_card, assist, goal) values (5, 68, 'CB', NULL, NULL, false, 0, 0, 0);
insert into player_stats (game_id, player_id, position, sub_on, sub_off, red_card, yellow_card, assist, goal) values (5, 73, 'CAM', NULL, NULL, false, 0, 0, 1);
insert into player_stats (game_id, player_id, position, sub_on, sub_off, red_card, yellow_card, assist, goal) values (5, 74, 'CDM', NULL, NULL, false, 0, 0, 1);
insert into player_stats (game_id, player_id, position, sub_on, sub_off, red_card, yellow_card, assist, goal) values (5, 75, 'RM', NULL, NULL, false, 0, 0, 1);
insert into player_stats (game_id, player_id, position, sub_on, sub_off, red_card, yellow_card, assist, goal) values (5, 72, 'CM', NULL, NULL, false, 0, 3, 0);
insert into player_stats (game_id, player_id, position, sub_on, sub_off, red_card, yellow_card, assist, goal) values (5, 76, 'LW', NULL, NULL, false, 0, 0, 1);
insert into player_stats (game_id, player_id, position, sub_on, sub_off, red_card, yellow_card, assist, goal) values (5, 77, 'CF', NULL, NULL, false, 0, 0, 1);
insert into player_stats (game_id, player_id, position, sub_on, sub_off, red_card, yellow_card, assist, goal) values (6, 78, 'GK', NULL, NULL, false, 0, 0, 0);
insert into player_stats (game_id, player_id, position, sub_on, sub_off, red_card, yellow_card, assist, goal) values (6, 82, 'CB', NULL, NULL, false, 0, 0, 0);
insert into player_stats (game_id, player_id, position, sub_on, sub_off, red_card, yellow_card, assist, goal) values (6, 81, 'RWB', NULL, NULL, false, 0, 0, 0);
insert into player_stats (game_id, player_id, position, sub_on, sub_off, red_card, yellow_card, assist, goal) values (6, 80, 'CB', 77, NULL, false, 0, 0, 0);
insert into player_stats (game_id, player_id, position, sub_on, sub_off, red_card, yellow_card, assist, goal) values (6, 79, 'RB', NULL, NULL, false, 0, 0, 0);
insert into player_stats (game_id, player_id, position, sub_on, sub_off, red_card, yellow_card, assist, goal) values (6, 85, 'LM', NULL, NULL, false, 0, 0, 0);
insert into player_stats (game_id, player_id, position, sub_on, sub_off, red_card, yellow_card, assist, goal) values (6, 86, 'CDM', NULL, NULL, false, 0, 0, 0);
insert into player_stats (game_id, player_id, position, sub_on, sub_off, red_card, yellow_card, assist, goal) values (6, 84, 'LM', NULL, NULL, false, 0, 0, 0);
insert into player_stats (game_id, player_id, position, sub_on, sub_off, red_card, yellow_card, assist, goal) values (6, 83, 'RM', NULL, NULL, false, 0, 0, 1);
insert into player_stats (game_id, player_id, position, sub_on, sub_off, red_card, yellow_card, assist, goal) values (6, 88, 'RW', NULL, NULL, false, 0, 2, 0);
insert into player_stats (game_id, player_id, position, sub_on, sub_off, red_card, yellow_card, assist, goal) values (6, 87, 'CF', 2, NULL, false, 0, 0, 0);
insert into player_stats (game_id, player_id, position, sub_on, sub_off, red_card, yellow_card, assist, goal) values (6, 67, 'GK', NULL, NULL, false, 0, 0, 0);
insert into player_stats (game_id, player_id, position, sub_on, sub_off, red_card, yellow_card, assist, goal) values (6, 71, 'CB', NULL, NULL, false, 0, 0, 0);
insert into player_stats (game_id, player_id, position, sub_on, sub_off, red_card, yellow_card, assist, goal) values (6, 70, 'RB', 61, NULL, false, 0, 0, 0);
insert into player_stats (game_id, player_id, position, sub_on, sub_off, red_card, yellow_card, assist, goal) values (6, 68, 'LWB', NULL, NULL, false, 0, 0, 0);
insert into player_stats (game_id, player_id, position, sub_on, sub_off, red_card, yellow_card, assist, goal) values (6, 69, 'CB', NULL, NULL, false, 0, 0, 0);
insert into player_stats (game_id, player_id, position, sub_on, sub_off, red_card, yellow_card, assist, goal) values (6, 72, 'RM', NULL, NULL, false, 0, 0, 0);
insert into player_stats (game_id, player_id, position, sub_on, sub_off, red_card, yellow_card, assist, goal) values (6, 75, 'RM', NULL, NULL, false, 0, 0, 0);
insert into player_stats (game_id, player_id, position, sub_on, sub_off, red_card, yellow_card, assist, goal) values (6, 74, 'CM', NULL, NULL, false, 0, 0, 1);
insert into player_stats (game_id, player_id, position, sub_on, sub_off, red_card, yellow_card, assist, goal) values (6, 73, 'CM', NULL, NULL, false, 0, 0, 0);
insert into player_stats (game_id, player_id, position, sub_on, sub_off, red_card, yellow_card, assist, goal) values (6, 77, 'RW', NULL, NULL, false, 0, 0, 1);
insert into player_stats (game_id, player_id, position, sub_on, sub_off, red_card, yellow_card, assist, goal) values (6, 76, 'RW', NULL, NULL, false, 0, 0, 1);
insert into player_stats (game_id, player_id, position, sub_on, sub_off, red_card, yellow_card, assist, goal) values (7, 111, 'GK', NULL, NULL, false, 0, 0, 0);
insert into player_stats (game_id, player_id, position, sub_on, sub_off, red_card, yellow_card, assist, goal) values (7, 115, 'LWB', NULL, NULL, false, 0, 0, 0);
insert into player_stats (game_id, player_id, position, sub_on, sub_off, red_card, yellow_card, assist, goal) values (7, 113, 'LWB', NULL, NULL, false, 0, 0, 0);
insert into player_stats (game_id, player_id, position, sub_on, sub_off, red_card, yellow_card, assist, goal) values (7, 112, 'LWB', NULL, NULL, false, 0, 0, 0);
insert into player_stats (game_id, player_id, position, sub_on, sub_off, red_card, yellow_card, assist, goal) values (7, 114, 'RB', NULL, NULL, false, 0, 0, 0);
insert into player_stats (game_id, player_id, position, sub_on, sub_off, red_card, yellow_card, assist, goal) values (7, 116, 'CAM', 35, 67, false, 0, 0, 0);
insert into player_stats (game_id, player_id, position, sub_on, sub_off, red_card, yellow_card, assist, goal) values (7, 117, 'CAM', NULL, NULL, false, 0, 0, 0);
insert into player_stats (game_id, player_id, position, sub_on, sub_off, red_card, yellow_card, assist, goal) values (7, 118, 'LM', NULL, NULL, false, 0, 0, 0);
insert into player_stats (game_id, player_id, position, sub_on, sub_off, red_card, yellow_card, assist, goal) values (7, 119, 'CAM', NULL, NULL, false, 0, 0, 1);
insert into player_stats (game_id, player_id, position, sub_on, sub_off, red_card, yellow_card, assist, goal) values (7, 120, 'ST', NULL, NULL, false, 0, 0, 0);
insert into player_stats (game_id, player_id, position, sub_on, sub_off, red_card, yellow_card, assist, goal) values (7, 121, 'CF', NULL, NULL, false, 0, 0, 0);
insert into player_stats (game_id, player_id, position, sub_on, sub_off, red_card, yellow_card, assist, goal) values (7, 122, 'GK', NULL, NULL, false, 0, 0, 0);
insert into player_stats (game_id, player_id, position, sub_on, sub_off, red_card, yellow_card, assist, goal) values (7, 123, 'RB', NULL, NULL, false, 0, 0, 0);
insert into player_stats (game_id, player_id, position, sub_on, sub_off, red_card, yellow_card, assist, goal) values (7, 125, 'LWB', NULL, NULL, false, 0, 0, 0);
insert into player_stats (game_id, player_id, position, sub_on, sub_off, red_card, yellow_card, assist, goal) values (7, 124, 'RWB', NULL, NULL, false, 0, 0, 0);
insert into player_stats (game_id, player_id, position, sub_on, sub_off, red_card, yellow_card, assist, goal) values (7, 126, 'CB', NULL, NULL, false, 0, 0, 0);
insert into player_stats (game_id, player_id, position, sub_on, sub_off, red_card, yellow_card, assist, goal) values (7, 129, 'RM', NULL, NULL, false, 0, 0, 0);
insert into player_stats (game_id, player_id, position, sub_on, sub_off, red_card, yellow_card, assist, goal) values (7, 130, 'CM', NULL, NULL, false, 0, 0, 0);
insert into player_stats (game_id, player_id, position, sub_on, sub_off, red_card, yellow_card, assist, goal) values (7, 128, 'CM', NULL, NULL, false, 0, 0, 0);
insert into player_stats (game_id, player_id, position, sub_on, sub_off, red_card, yellow_card, assist, goal) values (7, 127, 'CM', NULL, NULL, false, 0, 0, 0);
insert into player_stats (game_id, player_id, position, sub_on, sub_off, red_card, yellow_card, assist, goal) values (7, 132, 'CF', NULL, NULL, false, 0, 0, 0);
insert into player_stats (game_id, player_id, position, sub_on, sub_off, red_card, yellow_card, assist, goal) values (7, 131, 'RW', NULL, NULL, false, 0, 0, 1);
insert into player_stats (game_id, player_id, position, sub_on, sub_off, red_card, yellow_card, assist, goal) values (8, 122, 'GK', NULL, NULL, false, 0, 0, 0);
insert into player_stats (game_id, player_id, position, sub_on, sub_off, red_card, yellow_card, assist, goal) values (8, 123, 'LB', NULL, NULL, false, 0, 0, 0);
insert into player_stats (game_id, player_id, position, sub_on, sub_off, red_card, yellow_card, assist, goal) values (8, 126, 'CB', NULL, NULL, false, 0, 0, 0);
insert into player_stats (game_id, player_id, position, sub_on, sub_off, red_card, yellow_card, assist, goal) values (8, 125, 'LB', NULL, NULL, false, 0, 0, 0);
insert into player_stats (game_id, player_id, position, sub_on, sub_off, red_card, yellow_card, assist, goal) values (8, 124, 'LB', NULL, NULL, false, 0, 0, 0);
insert into player_stats (game_id, player_id, position, sub_on, sub_off, red_card, yellow_card, assist, goal) values (8, 127, 'CM', NULL, NULL, false, 0, 0, 1);
insert into player_stats (game_id, player_id, position, sub_on, sub_off, red_card, yellow_card, assist, goal) values (8, 128, 'CM', 1, NULL, false, 0, 0, 0);
insert into player_stats (game_id, player_id, position, sub_on, sub_off, red_card, yellow_card, assist, goal) values (8, 129, 'CM', NULL, NULL, false, 0, 0, 1);
insert into player_stats (game_id, player_id, position, sub_on, sub_off, red_card, yellow_card, assist, goal) values (8, 130, 'LM', NULL, NULL, false, 0, 0, 0);
insert into player_stats (game_id, player_id, position, sub_on, sub_off, red_card, yellow_card, assist, goal) values (8, 131, 'RW', NULL, NULL, false, 0, 1, 0);
insert into player_stats (game_id, player_id, position, sub_on, sub_off, red_card, yellow_card, assist, goal) values (8, 132, 'CF', NULL, NULL, false, 0, 0, 0);
insert into player_stats (game_id, player_id, position, sub_on, sub_off, red_card, yellow_card, assist, goal) values (8, 111, 'GK', NULL, NULL, false, 0, 0, 0);
insert into player_stats (game_id, player_id, position, sub_on, sub_off, red_card, yellow_card, assist, goal) values (8, 112, 'CB', NULL, NULL, false, 0, 0, 0);
insert into player_stats (game_id, player_id, position, sub_on, sub_off, red_card, yellow_card, assist, goal) values (8, 115, 'RWB', NULL, NULL, false, 0, 0, 0);
insert into player_stats (game_id, player_id, position, sub_on, sub_off, red_card, yellow_card, assist, goal) values (8, 113, 'LB', NULL, NULL, false, 0, 0, 0);
insert into player_stats (game_id, player_id, position, sub_on, sub_off, red_card, yellow_card, assist, goal) values (8, 114, 'CB', NULL, NULL, false, 0, 1, 0);
insert into player_stats (game_id, player_id, position, sub_on, sub_off, red_card, yellow_card, assist, goal) values (8, 119, 'RM', NULL, NULL, false, 0, 0, 0);
insert into player_stats (game_id, player_id, position, sub_on, sub_off, red_card, yellow_card, assist, goal) values (8, 117, 'LM', 17, NULL, false, 0, 0, 0);
insert into player_stats (game_id, player_id, position, sub_on, sub_off, red_card, yellow_card, assist, goal) values (8, 116, 'LM', NULL, NULL, false, 0, 0, 0);
insert into player_stats (game_id, player_id, position, sub_on, sub_off, red_card, yellow_card, assist, goal) values (8, 118, 'LM', NULL, NULL, false, 0, 0, 0);
insert into player_stats (game_id, player_id, position, sub_on, sub_off, red_card, yellow_card, assist, goal) values (8, 121, 'RW', NULL, NULL, false, 0, 0, 0);
insert into player_stats (game_id, player_id, position, sub_on, sub_off, red_card, yellow_card, assist, goal) values (8, 120, 'CF', NULL, NULL, false, 0, 0, 0);
insert into player_stats (game_id, player_id, position, sub_on, sub_off, red_card, yellow_card, assist, goal) values (9, 133, 'GK', NULL, NULL, false, 0, 1, 0);
insert into player_stats (game_id, player_id, position, sub_on, sub_off, red_card, yellow_card, assist, goal) values (9, 137, 'LWB', NULL, NULL, false, 0, 0, 0);
insert into player_stats (game_id, player_id, position, sub_on, sub_off, red_card, yellow_card, assist, goal) values (9, 135, 'RB', 1, 73, false, 0, 0, 0);
insert into player_stats (game_id, player_id, position, sub_on, sub_off, red_card, yellow_card, assist, goal) values (9, 136, 'LWB', NULL, NULL, false, 0, 0, 0);
insert into player_stats (game_id, player_id, position, sub_on, sub_off, red_card, yellow_card, assist, goal) values (9, 134, 'CB', NULL, NULL, false, 0, 0, 0);
insert into player_stats (game_id, player_id, position, sub_on, sub_off, red_card, yellow_card, assist, goal) values (9, 138, 'CM', NULL, NULL, false, 0, 0, 0);
insert into player_stats (game_id, player_id, position, sub_on, sub_off, red_card, yellow_card, assist, goal) values (9, 141, 'LM', NULL, NULL, false, 0, 0, 0);
insert into player_stats (game_id, player_id, position, sub_on, sub_off, red_card, yellow_card, assist, goal) values (9, 140, 'CAM', 3, NULL, false, 0, 0, 0);
insert into player_stats (game_id, player_id, position, sub_on, sub_off, red_card, yellow_card, assist, goal) values (9, 139, 'RM', NULL, NULL, false, 0, 0, 1);
insert into player_stats (game_id, player_id, position, sub_on, sub_off, red_card, yellow_card, assist, goal) values (9, 143, 'CF', NULL, NULL, false, 1, 0, 0);
insert into player_stats (game_id, player_id, position, sub_on, sub_off, red_card, yellow_card, assist, goal) values (9, 142, 'CF', NULL, NULL, false, 0, 0, 0);
insert into player_stats (game_id, player_id, position, sub_on, sub_off, red_card, yellow_card, assist, goal) values (9, 144, 'GK', NULL, NULL, false, 0, 0, 0);
insert into player_stats (game_id, player_id, position, sub_on, sub_off, red_card, yellow_card, assist, goal) values (9, 147, 'CB', NULL, NULL, false, 0, 1, 0);
insert into player_stats (game_id, player_id, position, sub_on, sub_off, red_card, yellow_card, assist, goal) values (9, 148, 'RWB', NULL, NULL, false, 0, 1, 0);
insert into player_stats (game_id, player_id, position, sub_on, sub_off, red_card, yellow_card, assist, goal) values (9, 145, 'LWB', 1, NULL, false, 1, 0, 0);
insert into player_stats (game_id, player_id, position, sub_on, sub_off, red_card, yellow_card, assist, goal) values (9, 146, 'RWB', NULL, NULL, false, 0, 0, 0);
insert into player_stats (game_id, player_id, position, sub_on, sub_off, red_card, yellow_card, assist, goal) values (9, 151, 'RM', 45, NULL, false, 0, 0, 2);
insert into player_stats (game_id, player_id, position, sub_on, sub_off, red_card, yellow_card, assist, goal) values (9, 152, 'RM', NULL, NULL, false, 0, 0, 2);
insert into player_stats (game_id, player_id, position, sub_on, sub_off, red_card, yellow_card, assist, goal) values (9, 150, 'RM', NULL, NULL, false, 0, 0, 0);
insert into player_stats (game_id, player_id, position, sub_on, sub_off, red_card, yellow_card, assist, goal) values (9, 149, 'RM', NULL, NULL, false, 0, 1, 0);
insert into player_stats (game_id, player_id, position, sub_on, sub_off, red_card, yellow_card, assist, goal) values (9, 154, 'RW', NULL, NULL, false, 0, 0, 1);
insert into player_stats (game_id, player_id, position, sub_on, sub_off, red_card, yellow_card, assist, goal) values (9, 153, 'ST', NULL, NULL, false, 0, 1, 0);
insert into player_stats (game_id, player_id, position, sub_on, sub_off, red_card, yellow_card, assist, goal) values (10, 155, 'GK', NULL, NULL, false, 0, 0, 0);
insert into player_stats (game_id, player_id, position, sub_on, sub_off, red_card, yellow_card, assist, goal) values (10, 156, 'LB', NULL, NULL, false, 0, 0, 0);
insert into player_stats (game_id, player_id, position, sub_on, sub_off, red_card, yellow_card, assist, goal) values (10, 157, 'LB', NULL, NULL, false, 0, 0, 0);
insert into player_stats (game_id, player_id, position, sub_on, sub_off, red_card, yellow_card, assist, goal) values (10, 159, 'RB', NULL, NULL, false, 0, 0, 0);
insert into player_stats (game_id, player_id, position, sub_on, sub_off, red_card, yellow_card, assist, goal) values (10, 158, 'RWB', NULL, NULL, false, 0, 0, 0);
insert into player_stats (game_id, player_id, position, sub_on, sub_off, red_card, yellow_card, assist, goal) values (10, 160, 'CM', NULL, NULL, false, 0, 0, 0);
insert into player_stats (game_id, player_id, position, sub_on, sub_off, red_card, yellow_card, assist, goal) values (10, 161, 'RM', NULL, NULL, false, 0, 0, 0);
insert into player_stats (game_id, player_id, position, sub_on, sub_off, red_card, yellow_card, assist, goal) values (10, 163, 'CAM', 59, NULL, false, 0, 0, 0);
insert into player_stats (game_id, player_id, position, sub_on, sub_off, red_card, yellow_card, assist, goal) values (10, 162, 'RM', NULL, NULL, false, 0, 0, 0);
insert into player_stats (game_id, player_id, position, sub_on, sub_off, red_card, yellow_card, assist, goal) values (10, 164, 'ST', NULL, NULL, false, 0, 0, 0);
insert into player_stats (game_id, player_id, position, sub_on, sub_off, red_card, yellow_card, assist, goal) values (10, 165, 'RW', NULL, NULL, false, 0, 0, 0);
insert into player_stats (game_id, player_id, position, sub_on, sub_off, red_card, yellow_card, assist, goal) values (10, 166, 'GK', NULL, NULL, false, 0, 0, 0);
insert into player_stats (game_id, player_id, position, sub_on, sub_off, red_card, yellow_card, assist, goal) values (10, 169, 'LWB', NULL, NULL, false, 0, 0, 0);
insert into player_stats (game_id, player_id, position, sub_on, sub_off, red_card, yellow_card, assist, goal) values (10, 167, 'LB', NULL, NULL, false, 0, 0, 0);
insert into player_stats (game_id, player_id, position, sub_on, sub_off, red_card, yellow_card, assist, goal) values (10, 168, 'CB', NULL, NULL, false, 0, 0, 0);
insert into player_stats (game_id, player_id, position, sub_on, sub_off, red_card, yellow_card, assist, goal) values (10, 170, 'RWB', NULL, NULL, false, 0, 0, 0);
insert into player_stats (game_id, player_id, position, sub_on, sub_off, red_card, yellow_card, assist, goal) values (10, 171, 'CAM', 60, NULL, false, 0, 0, 0);
insert into player_stats (game_id, player_id, position, sub_on, sub_off, red_card, yellow_card, assist, goal) values (10, 174, 'CDM', NULL, NULL, false, 0, 0, 0);
insert into player_stats (game_id, player_id, position, sub_on, sub_off, red_card, yellow_card, assist, goal) values (10, 173, 'LM', NULL, NULL, false, 0, 0, 0);
insert into player_stats (game_id, player_id, position, sub_on, sub_off, red_card, yellow_card, assist, goal) values (10, 172, 'LM', NULL, NULL, false, 0, 0, 0);
insert into player_stats (game_id, player_id, position, sub_on, sub_off, red_card, yellow_card, assist, goal) values (10, 176, 'CF', 61, NULL, false, 0, 0, 0);
insert into player_stats (game_id, player_id, position, sub_on, sub_off, red_card, yellow_card, assist, goal) values (10, 175, 'CF', NULL, NULL, false, 0, 0, 0);
insert into player_stats (game_id, player_id, position, sub_on, sub_off, red_card, yellow_card, assist, goal) values (11, 166, 'GK', NULL, NULL, false, 0, 0, 0);
insert into player_stats (game_id, player_id, position, sub_on, sub_off, red_card, yellow_card, assist, goal) values (11, 169, 'RB', NULL, NULL, false, 0, 0, 0);
insert into player_stats (game_id, player_id, position, sub_on, sub_off, red_card, yellow_card, assist, goal) values (11, 170, 'CB', NULL, NULL, false, 0, 0, 0);
insert into player_stats (game_id, player_id, position, sub_on, sub_off, red_card, yellow_card, assist, goal) values (11, 168, 'CB', NULL, NULL, false, 0, 0, 0);
insert into player_stats (game_id, player_id, position, sub_on, sub_off, red_card, yellow_card, assist, goal) values (11, 167, 'CB', NULL, NULL, false, 0, 0, 0);
insert into player_stats (game_id, player_id, position, sub_on, sub_off, red_card, yellow_card, assist, goal) values (11, 171, 'RM', NULL, NULL, false, 0, 0, 0);
insert into player_stats (game_id, player_id, position, sub_on, sub_off, red_card, yellow_card, assist, goal) values (11, 174, 'CAM', NULL, NULL, false, 0, 0, 0);
insert into player_stats (game_id, player_id, position, sub_on, sub_off, red_card, yellow_card, assist, goal) values (11, 172, 'CM', NULL, NULL, false, 0, 0, 0);
insert into player_stats (game_id, player_id, position, sub_on, sub_off, red_card, yellow_card, assist, goal) values (11, 173, 'RM', NULL, NULL, false, 1, 0, 0);
insert into player_stats (game_id, player_id, position, sub_on, sub_off, red_card, yellow_card, assist, goal) values (11, 175, 'LW', NULL, NULL, false, 0, 0, 0);
insert into player_stats (game_id, player_id, position, sub_on, sub_off, red_card, yellow_card, assist, goal) values (11, 176, 'CF', NULL, NULL, false, 0, 0, 0);
insert into player_stats (game_id, player_id, position, sub_on, sub_off, red_card, yellow_card, assist, goal) values (11, 155, 'GK', NULL, NULL, false, 0, 0, 0);
insert into player_stats (game_id, player_id, position, sub_on, sub_off, red_card, yellow_card, assist, goal) values (11, 157, 'CB', NULL, NULL, false, 0, 0, 0);
insert into player_stats (game_id, player_id, position, sub_on, sub_off, red_card, yellow_card, assist, goal) values (11, 156, 'CB', 27, NULL, false, 0, 0, 0);
insert into player_stats (game_id, player_id, position, sub_on, sub_off, red_card, yellow_card, assist, goal) values (11, 158, 'LWB', NULL, NULL, false, 0, 0, 0);
insert into player_stats (game_id, player_id, position, sub_on, sub_off, red_card, yellow_card, assist, goal) values (11, 159, 'LWB', NULL, NULL, false, 0, 0, 0);
insert into player_stats (game_id, player_id, position, sub_on, sub_off, red_card, yellow_card, assist, goal) values (11, 162, 'LM', NULL, NULL, false, 0, 0, 0);
insert into player_stats (game_id, player_id, position, sub_on, sub_off, red_card, yellow_card, assist, goal) values (11, 161, 'CDM', 60, 90, false, 0, 0, 0);
insert into player_stats (game_id, player_id, position, sub_on, sub_off, red_card, yellow_card, assist, goal) values (11, 163, 'LM', NULL, NULL, false, 0, 0, 0);
insert into player_stats (game_id, player_id, position, sub_on, sub_off, red_card, yellow_card, assist, goal) values (11, 160, 'RM', NULL, NULL, false, 0, 0, 0);
insert into player_stats (game_id, player_id, position, sub_on, sub_off, red_card, yellow_card, assist, goal) values (11, 164, 'LW', NULL, NULL, false, 0, 0, 0);
insert into player_stats (game_id, player_id, position, sub_on, sub_off, red_card, yellow_card, assist, goal) values (11, 165, 'ST', NULL, NULL, false, 0, 0, 0);
insert into player_stats (game_id, player_id, position, sub_on, sub_off, red_card, yellow_card, assist, goal) values (12, 188, 'GK', NULL, NULL, false, 0, 0, 0);
insert into player_stats (game_id, player_id, position, sub_on, sub_off, red_card, yellow_card, assist, goal) values (12, 190, 'RWB', NULL, NULL, false, 0, 0, 0);
insert into player_stats (game_id, player_id, position, sub_on, sub_off, red_card, yellow_card, assist, goal) values (12, 189, 'RB', NULL, NULL, false, 0, 1, 0);
insert into player_stats (game_id, player_id, position, sub_on, sub_off, red_card, yellow_card, assist, goal) values (12, 191, 'RB', NULL, NULL, false, 0, 0, 0);
insert into player_stats (game_id, player_id, position, sub_on, sub_off, red_card, yellow_card, assist, goal) values (12, 192, 'CB', NULL, NULL, false, 0, 0, 0);
insert into player_stats (game_id, player_id, position, sub_on, sub_off, red_card, yellow_card, assist, goal) values (12, 194, 'CDM', NULL, NULL, false, 0, 1, 0);
insert into player_stats (game_id, player_id, position, sub_on, sub_off, red_card, yellow_card, assist, goal) values (12, 193, 'CDM', NULL, NULL, false, 0, 1, 0);
insert into player_stats (game_id, player_id, position, sub_on, sub_off, red_card, yellow_card, assist, goal) values (12, 195, 'CM', NULL, NULL, false, 0, 0, 0);
insert into player_stats (game_id, player_id, position, sub_on, sub_off, red_card, yellow_card, assist, goal) values (12, 196, 'RM', NULL, NULL, false, 0, 0, 1);
insert into player_stats (game_id, player_id, position, sub_on, sub_off, red_card, yellow_card, assist, goal) values (12, 198, 'RW', NULL, NULL, false, 1, 0, 1);
insert into player_stats (game_id, player_id, position, sub_on, sub_off, red_card, yellow_card, assist, goal) values (12, 197, 'ST', NULL, NULL, false, 0, 0, 0);
insert into player_stats (game_id, player_id, position, sub_on, sub_off, red_card, yellow_card, assist, goal) values (12, 177, 'GK', NULL, NULL, false, 0, 1, 0);
insert into player_stats (game_id, player_id, position, sub_on, sub_off, red_card, yellow_card, assist, goal) values (12, 178, 'LB', NULL, NULL, false, 0, 0, 0);
insert into player_stats (game_id, player_id, position, sub_on, sub_off, red_card, yellow_card, assist, goal) values (12, 180, 'CB', NULL, NULL, false, 0, 0, 0);
insert into player_stats (game_id, player_id, position, sub_on, sub_off, red_card, yellow_card, assist, goal) values (12, 179, 'CB', NULL, NULL, false, 0, 0, 0);
insert into player_stats (game_id, player_id, position, sub_on, sub_off, red_card, yellow_card, assist, goal) values (12, 181, 'RB', NULL, NULL, false, 0, 1, 0);
insert into player_stats (game_id, player_id, position, sub_on, sub_off, red_card, yellow_card, assist, goal) values (12, 184, 'LM', NULL, NULL, false, 0, 0, 0);
insert into player_stats (game_id, player_id, position, sub_on, sub_off, red_card, yellow_card, assist, goal) values (12, 185, 'CDM', NULL, NULL, false, 0, 0, 1);
insert into player_stats (game_id, player_id, position, sub_on, sub_off, red_card, yellow_card, assist, goal) values (12, 182, 'RM', NULL, NULL, false, 0, 0, 1);
insert into player_stats (game_id, player_id, position, sub_on, sub_off, red_card, yellow_card, assist, goal) values (12, 183, 'CM', NULL, NULL, false, 0, 0, 1);
insert into player_stats (game_id, player_id, position, sub_on, sub_off, red_card, yellow_card, assist, goal) values (12, 187, 'ST', 69, NULL, false, 0, 0, 1);
insert into player_stats (game_id, player_id, position, sub_on, sub_off, red_card, yellow_card, assist, goal) values (12, 186, 'LW', NULL, NULL, false, 0, 1, 0);
insert into player_stats (game_id, player_id, position, sub_on, sub_off, red_card, yellow_card, assist, goal) values (13, 89, 'GK', NULL, NULL, false, 0, 0, 0);
insert into player_stats (game_id, player_id, position, sub_on, sub_off, red_card, yellow_card, assist, goal) values (13, 90, 'CB', NULL, NULL, false, 0, 0, 0);
insert into player_stats (game_id, player_id, position, sub_on, sub_off, red_card, yellow_card, assist, goal) values (13, 91, 'RB', NULL, NULL, false, 0, 0, 0);
insert into player_stats (game_id, player_id, position, sub_on, sub_off, red_card, yellow_card, assist, goal) values (13, 93, 'LWB', NULL, NULL, false, 0, 1, 0);
insert into player_stats (game_id, player_id, position, sub_on, sub_off, red_card, yellow_card, assist, goal) values (13, 92, 'RWB', NULL, NULL, false, 0, 1, 0);
insert into player_stats (game_id, player_id, position, sub_on, sub_off, red_card, yellow_card, assist, goal) values (13, 96, 'CDM', NULL, NULL, false, 0, 0, 1);
insert into player_stats (game_id, player_id, position, sub_on, sub_off, red_card, yellow_card, assist, goal) values (13, 95, 'RM', NULL, NULL, false, 0, 0, 0);
insert into player_stats (game_id, player_id, position, sub_on, sub_off, red_card, yellow_card, assist, goal) values (13, 97, 'CAM', NULL, NULL, false, 0, 0, 0);
insert into player_stats (game_id, player_id, position, sub_on, sub_off, red_card, yellow_card, assist, goal) values (13, 94, 'CAM', NULL, NULL, false, 0, 0, 0);
insert into player_stats (game_id, player_id, position, sub_on, sub_off, red_card, yellow_card, assist, goal) values (13, 99, 'RW', NULL, NULL, true, 1, 0, 0);
insert into player_stats (game_id, player_id, position, sub_on, sub_off, red_card, yellow_card, assist, goal) values (13, 98, 'LW', NULL, NULL, false, 0, 0, 0);
insert into player_stats (game_id, player_id, position, sub_on, sub_off, red_card, yellow_card, assist, goal) values (13, 166, 'GK', NULL, NULL, false, 0, 0, 0);
insert into player_stats (game_id, player_id, position, sub_on, sub_off, red_card, yellow_card, assist, goal) values (13, 169, 'CB', NULL, NULL, false, 0, 0, 0);
insert into player_stats (game_id, player_id, position, sub_on, sub_off, red_card, yellow_card, assist, goal) values (13, 168, 'RWB', NULL, NULL, false, 1, 1, 0);
insert into player_stats (game_id, player_id, position, sub_on, sub_off, red_card, yellow_card, assist, goal) values (13, 170, 'CB', NULL, NULL, false, 0, 0, 0);
insert into player_stats (game_id, player_id, position, sub_on, sub_off, red_card, yellow_card, assist, goal) values (13, 167, 'RWB', NULL, NULL, false, 0, 0, 0);
insert into player_stats (game_id, player_id, position, sub_on, sub_off, red_card, yellow_card, assist, goal) values (13, 173, 'CM', 68, NULL, false, 0, 1, 0);
insert into player_stats (game_id, player_id, position, sub_on, sub_off, red_card, yellow_card, assist, goal) values (13, 171, 'LM', NULL, NULL, false, 1, 0, 1);
insert into player_stats (game_id, player_id, position, sub_on, sub_off, red_card, yellow_card, assist, goal) values (13, 172, 'CM', 24, NULL, false, 0, 0, 0);
insert into player_stats (game_id, player_id, position, sub_on, sub_off, red_card, yellow_card, assist, goal) values (13, 174, 'RM', NULL, NULL, false, 0, 0, 1);
insert into player_stats (game_id, player_id, position, sub_on, sub_off, red_card, yellow_card, assist, goal) values (13, 176, 'RW', NULL, NULL, false, 0, 0, 1);
insert into player_stats (game_id, player_id, position, sub_on, sub_off, red_card, yellow_card, assist, goal) values (13, 175, 'LW', NULL, NULL, false, 0, 0, 0);
insert into player_stats (game_id, player_id, position, sub_on, sub_off, red_card, yellow_card, assist, goal) values (14, 111, 'GK', 59, 91, false, 0, 0, 0);
insert into player_stats (game_id, player_id, position, sub_on, sub_off, red_card, yellow_card, assist, goal) values (14, 115, 'RWB', NULL, NULL, false, 1, 0, 0);
insert into player_stats (game_id, player_id, position, sub_on, sub_off, red_card, yellow_card, assist, goal) values (14, 112, 'CB', NULL, NULL, false, 0, 0, 0);
insert into player_stats (game_id, player_id, position, sub_on, sub_off, red_card, yellow_card, assist, goal) values (14, 114, 'CB', NULL, NULL, false, 0, 0, 0);
insert into player_stats (game_id, player_id, position, sub_on, sub_off, red_card, yellow_card, assist, goal) values (14, 113, 'CB', NULL, NULL, false, 0, 0, 0);
insert into player_stats (game_id, player_id, position, sub_on, sub_off, red_card, yellow_card, assist, goal) values (14, 117, 'CAM', NULL, NULL, false, 0, 0, 1);
insert into player_stats (game_id, player_id, position, sub_on, sub_off, red_card, yellow_card, assist, goal) values (14, 116, 'LM', NULL, NULL, false, 0, 0, 0);
insert into player_stats (game_id, player_id, position, sub_on, sub_off, red_card, yellow_card, assist, goal) values (14, 118, 'RM', 42, NULL, false, 0, 0, 0);
insert into player_stats (game_id, player_id, position, sub_on, sub_off, red_card, yellow_card, assist, goal) values (14, 119, 'CM', NULL, NULL, false, 0, 0, 0);
insert into player_stats (game_id, player_id, position, sub_on, sub_off, red_card, yellow_card, assist, goal) values (14, 121, 'RW', NULL, NULL, false, 0, 0, 0);
insert into player_stats (game_id, player_id, position, sub_on, sub_off, red_card, yellow_card, assist, goal) values (14, 120, 'CF', NULL, NULL, false, 0, 0, 0);
insert into player_stats (game_id, player_id, position, sub_on, sub_off, red_card, yellow_card, assist, goal) values (14, 166, 'GK', NULL, NULL, false, 1, 0, 0);
insert into player_stats (game_id, player_id, position, sub_on, sub_off, red_card, yellow_card, assist, goal) values (14, 167, 'LWB', NULL, NULL, false, 0, 0, 0);
insert into player_stats (game_id, player_id, position, sub_on, sub_off, red_card, yellow_card, assist, goal) values (14, 169, 'CB', NULL, NULL, false, 0, 0, 0);
insert into player_stats (game_id, player_id, position, sub_on, sub_off, red_card, yellow_card, assist, goal) values (14, 170, 'RB', NULL, NULL, false, 1, 0, 0);
insert into player_stats (game_id, player_id, position, sub_on, sub_off, red_card, yellow_card, assist, goal) values (14, 168, 'LB', NULL, NULL, false, 0, 0, 0);
insert into player_stats (game_id, player_id, position, sub_on, sub_off, red_card, yellow_card, assist, goal) values (14, 174, 'CM', NULL, NULL, false, 0, 0, 0);
insert into player_stats (game_id, player_id, position, sub_on, sub_off, red_card, yellow_card, assist, goal) values (14, 173, 'CDM', NULL, NULL, false, 0, 0, 0);
insert into player_stats (game_id, player_id, position, sub_on, sub_off, red_card, yellow_card, assist, goal) values (14, 172, 'CM', NULL, NULL, false, 0, 0, 0);
insert into player_stats (game_id, player_id, position, sub_on, sub_off, red_card, yellow_card, assist, goal) values (14, 171, 'LM', NULL, NULL, false, 0, 0, 0);
insert into player_stats (game_id, player_id, position, sub_on, sub_off, red_card, yellow_card, assist, goal) values (14, 175, 'LW', NULL, NULL, false, 0, 0, 0);
insert into player_stats (game_id, player_id, position, sub_on, sub_off, red_card, yellow_card, assist, goal) values (14, 176, 'LW', NULL, NULL, false, 0, 0, 0);
insert into player_stats (game_id, player_id, position, sub_on, sub_off, red_card, yellow_card, assist, goal) values (15, 166, 'GK', NULL, NULL, false, 0, 0, 0);
insert into player_stats (game_id, player_id, position, sub_on, sub_off, red_card, yellow_card, assist, goal) values (15, 170, 'RB', NULL, NULL, false, 0, 0, 0);
insert into player_stats (game_id, player_id, position, sub_on, sub_off, red_card, yellow_card, assist, goal) values (15, 168, 'CB', NULL, NULL, false, 0, 0, 0);
insert into player_stats (game_id, player_id, position, sub_on, sub_off, red_card, yellow_card, assist, goal) values (15, 167, 'CB', 5, NULL, false, 0, 0, 0);
insert into player_stats (game_id, player_id, position, sub_on, sub_off, red_card, yellow_card, assist, goal) values (15, 169, 'CB', NULL, NULL, false, 0, 0, 0);
insert into player_stats (game_id, player_id, position, sub_on, sub_off, red_card, yellow_card, assist, goal) values (15, 173, 'LM', NULL, NULL, false, 0, 0, 1);
insert into player_stats (game_id, player_id, position, sub_on, sub_off, red_card, yellow_card, assist, goal) values (15, 171, 'LM', NULL, NULL, false, 0, 0, 0);
insert into player_stats (game_id, player_id, position, sub_on, sub_off, red_card, yellow_card, assist, goal) values (15, 174, 'LM', NULL, NULL, false, 0, 0, 0);
insert into player_stats (game_id, player_id, position, sub_on, sub_off, red_card, yellow_card, assist, goal) values (15, 172, 'RM', NULL, NULL, false, 0, 0, 0);
insert into player_stats (game_id, player_id, position, sub_on, sub_off, red_card, yellow_card, assist, goal) values (15, 175, 'ST', NULL, NULL, false, 0, 1, 0);
insert into player_stats (game_id, player_id, position, sub_on, sub_off, red_card, yellow_card, assist, goal) values (15, 176, 'CF', 29, NULL, false, 0, 0, 0);
insert into player_stats (game_id, player_id, position, sub_on, sub_off, red_card, yellow_card, assist, goal) values (15, 155, 'GK', NULL, NULL, false, 0, 1, 0);
insert into player_stats (game_id, player_id, position, sub_on, sub_off, red_card, yellow_card, assist, goal) values (15, 157, 'CB', NULL, NULL, false, 0, 0, 0);
insert into player_stats (game_id, player_id, position, sub_on, sub_off, red_card, yellow_card, assist, goal) values (15, 158, 'CB', NULL, NULL, false, 0, 1, 0);
insert into player_stats (game_id, player_id, position, sub_on, sub_off, red_card, yellow_card, assist, goal) values (15, 156, 'RWB', NULL, NULL, false, 0, 0, 0);
insert into player_stats (game_id, player_id, position, sub_on, sub_off, red_card, yellow_card, assist, goal) values (15, 159, 'LB', NULL, NULL, false, 0, 0, 0);
insert into player_stats (game_id, player_id, position, sub_on, sub_off, red_card, yellow_card, assist, goal) values (15, 163, 'RM', NULL, NULL, false, 0, 0, 1);
insert into player_stats (game_id, player_id, position, sub_on, sub_off, red_card, yellow_card, assist, goal) values (15, 161, 'RM', NULL, NULL, false, 0, 0, 1);
insert into player_stats (game_id, player_id, position, sub_on, sub_off, red_card, yellow_card, assist, goal) values (15, 160, 'RM', 18, NULL, false, 0, 2, 0);
insert into player_stats (game_id, player_id, position, sub_on, sub_off, red_card, yellow_card, assist, goal) values (15, 162, 'CM', NULL, NULL, false, 0, 0, 1);
insert into player_stats (game_id, player_id, position, sub_on, sub_off, red_card, yellow_card, assist, goal) values (15, 164, 'CF', NULL, NULL, false, 0, 0, 0);
insert into player_stats (game_id, player_id, position, sub_on, sub_off, red_card, yellow_card, assist, goal) values (15, 165, 'CF', NULL, NULL, false, 0, 0, 2);
insert into player_stats (game_id, player_id, position, sub_on, sub_off, red_card, yellow_card, assist, goal) values (16, 78, 'GK', NULL, NULL, false, 0, 1, 0);
insert into player_stats (game_id, player_id, position, sub_on, sub_off, red_card, yellow_card, assist, goal) values (16, 81, 'RWB', NULL, NULL, false, 0, 0, 0);
insert into player_stats (game_id, player_id, position, sub_on, sub_off, red_card, yellow_card, assist, goal) values (16, 80, 'CB', NULL, NULL, false, 0, 0, 0);
insert into player_stats (game_id, player_id, position, sub_on, sub_off, red_card, yellow_card, assist, goal) values (16, 79, 'CB', NULL, NULL, false, 0, 0, 0);
insert into player_stats (game_id, player_id, position, sub_on, sub_off, red_card, yellow_card, assist, goal) values (16, 82, 'RWB', NULL, NULL, false, 0, 1, 0);
insert into player_stats (game_id, player_id, position, sub_on, sub_off, red_card, yellow_card, assist, goal) values (16, 86, 'CDM', NULL, NULL, false, 0, 0, 1);
insert into player_stats (game_id, player_id, position, sub_on, sub_off, red_card, yellow_card, assist, goal) values (16, 84, 'RM', NULL, NULL, false, 0, 0, 0);
insert into player_stats (game_id, player_id, position, sub_on, sub_off, red_card, yellow_card, assist, goal) values (16, 83, 'CM', NULL, NULL, false, 0, 0, 1);
insert into player_stats (game_id, player_id, position, sub_on, sub_off, red_card, yellow_card, assist, goal) values (16, 85, 'CM', NULL, NULL, false, 0, 0, 0);
insert into player_stats (game_id, player_id, position, sub_on, sub_off, red_card, yellow_card, assist, goal) values (16, 87, 'CF', NULL, NULL, false, 0, 0, 1);
insert into player_stats (game_id, player_id, position, sub_on, sub_off, red_card, yellow_card, assist, goal) values (16, 88, 'RW', 57, NULL, false, 0, 0, 1);
insert into player_stats (game_id, player_id, position, sub_on, sub_off, red_card, yellow_card, assist, goal) values (16, 177, 'GK', NULL, NULL, false, 0, 0, 0);
insert into player_stats (game_id, player_id, position, sub_on, sub_off, red_card, yellow_card, assist, goal) values (16, 179, 'RWB', NULL, NULL, false, 0, 0, 0);
insert into player_stats (game_id, player_id, position, sub_on, sub_off, red_card, yellow_card, assist, goal) values (16, 181, 'CB', NULL, NULL, false, 0, 0, 0);
insert into player_stats (game_id, player_id, position, sub_on, sub_off, red_card, yellow_card, assist, goal) values (16, 178, 'RB', NULL, NULL, false, 0, 0, 0);
insert into player_stats (game_id, player_id, position, sub_on, sub_off, red_card, yellow_card, assist, goal) values (16, 180, 'RB', NULL, NULL, false, 0, 0, 0);
insert into player_stats (game_id, player_id, position, sub_on, sub_off, red_card, yellow_card, assist, goal) values (16, 183, 'CAM', NULL, NULL, false, 0, 0, 0);
insert into player_stats (game_id, player_id, position, sub_on, sub_off, red_card, yellow_card, assist, goal) values (16, 182, 'CM', NULL, NULL, false, 0, 0, 0);
insert into player_stats (game_id, player_id, position, sub_on, sub_off, red_card, yellow_card, assist, goal) values (16, 184, 'CM', NULL, NULL, false, 0, 0, 0);
insert into player_stats (game_id, player_id, position, sub_on, sub_off, red_card, yellow_card, assist, goal) values (16, 185, 'CDM', NULL, NULL, false, 0, 0, 0);
insert into player_stats (game_id, player_id, position, sub_on, sub_off, red_card, yellow_card, assist, goal) values (16, 186, 'LW', NULL, NULL, false, 0, 1, 0);
insert into player_stats (game_id, player_id, position, sub_on, sub_off, red_card, yellow_card, assist, goal) values (16, 187, 'ST', NULL, NULL, false, 0, 0, 0);
insert into player_stats (game_id, player_id, position, sub_on, sub_off, red_card, yellow_card, assist, goal) values (17, 78, 'GK', NULL, NULL, false, 0, 0, 0);
insert into player_stats (game_id, player_id, position, sub_on, sub_off, red_card, yellow_card, assist, goal) values (17, 82, 'RB', NULL, NULL, false, 0, 0, 0);
insert into player_stats (game_id, player_id, position, sub_on, sub_off, red_card, yellow_card, assist, goal) values (17, 81, 'RB', NULL, NULL, false, 0, 0, 0);
insert into player_stats (game_id, player_id, position, sub_on, sub_off, red_card, yellow_card, assist, goal) values (17, 79, 'CB', NULL, NULL, false, 0, 0, 0);
insert into player_stats (game_id, player_id, position, sub_on, sub_off, red_card, yellow_card, assist, goal) values (17, 80, 'CB', 72, NULL, false, 0, 0, 0);
insert into player_stats (game_id, player_id, position, sub_on, sub_off, red_card, yellow_card, assist, goal) values (17, 84, 'LM', NULL, NULL, false, 0, 0, 0);
insert into player_stats (game_id, player_id, position, sub_on, sub_off, red_card, yellow_card, assist, goal) values (17, 83, 'RM', NULL, NULL, false, 0, 0, 0);
insert into player_stats (game_id, player_id, position, sub_on, sub_off, red_card, yellow_card, assist, goal) values (17, 85, 'RM', NULL, NULL, false, 0, 0, 0);
insert into player_stats (game_id, player_id, position, sub_on, sub_off, red_card, yellow_card, assist, goal) values (17, 86, 'RM', NULL, NULL, false, 1, 0, 1);
insert into player_stats (game_id, player_id, position, sub_on, sub_off, red_card, yellow_card, assist, goal) values (17, 88, 'CF', NULL, NULL, false, 0, 0, 0);
insert into player_stats (game_id, player_id, position, sub_on, sub_off, red_card, yellow_card, assist, goal) values (17, 87, 'LW', NULL, NULL, false, 0, 0, 0);
insert into player_stats (game_id, player_id, position, sub_on, sub_off, red_card, yellow_card, assist, goal) values (17, 210, 'GK', NULL, NULL, false, 0, 0, 0);
insert into player_stats (game_id, player_id, position, sub_on, sub_off, red_card, yellow_card, assist, goal) values (17, 212, 'LB', NULL, NULL, false, 0, 0, 0);
insert into player_stats (game_id, player_id, position, sub_on, sub_off, red_card, yellow_card, assist, goal) values (17, 211, 'LWB', NULL, NULL, false, 0, 0, 0);
insert into player_stats (game_id, player_id, position, sub_on, sub_off, red_card, yellow_card, assist, goal) values (17, 213, 'RB', NULL, NULL, false, 0, 0, 0);
insert into player_stats (game_id, player_id, position, sub_on, sub_off, red_card, yellow_card, assist, goal) values (17, 214, 'CB', NULL, NULL, false, 0, 0, 0);
insert into player_stats (game_id, player_id, position, sub_on, sub_off, red_card, yellow_card, assist, goal) values (17, 216, 'CDM', NULL, NULL, false, 0, 0, 0);
insert into player_stats (game_id, player_id, position, sub_on, sub_off, red_card, yellow_card, assist, goal) values (17, 217, 'CAM', NULL, NULL, false, 0, 0, 1);
insert into player_stats (game_id, player_id, position, sub_on, sub_off, red_card, yellow_card, assist, goal) values (17, 218, 'LM', NULL, NULL, false, 0, 0, 0);
insert into player_stats (game_id, player_id, position, sub_on, sub_off, red_card, yellow_card, assist, goal) values (17, 215, 'LM', NULL, NULL, false, 0, 0, 0);
insert into player_stats (game_id, player_id, position, sub_on, sub_off, red_card, yellow_card, assist, goal) values (17, 220, 'RW', NULL, NULL, false, 0, 0, 0);
insert into player_stats (game_id, player_id, position, sub_on, sub_off, red_card, yellow_card, assist, goal) values (17, 219, 'CF', NULL, NULL, false, 0, 0, 0);
insert into player_stats (game_id, player_id, position, sub_on, sub_off, red_card, yellow_card, assist, goal) values (18, 78, 'GK', NULL, NULL, false, 0, 0, 0);
insert into player_stats (game_id, player_id, position, sub_on, sub_off, red_card, yellow_card, assist, goal) values (18, 81, 'LB', NULL, NULL, false, 0, 0, 0);
insert into player_stats (game_id, player_id, position, sub_on, sub_off, red_card, yellow_card, assist, goal) values (18, 82, 'CB', NULL, NULL, false, 0, 0, 0);
insert into player_stats (game_id, player_id, position, sub_on, sub_off, red_card, yellow_card, assist, goal) values (18, 79, 'LB', NULL, NULL, false, 0, 1, 0);
insert into player_stats (game_id, player_id, position, sub_on, sub_off, red_card, yellow_card, assist, goal) values (18, 80, 'LB', NULL, NULL, false, 0, 1, 0);
insert into player_stats (game_id, player_id, position, sub_on, sub_off, red_card, yellow_card, assist, goal) values (18, 85, 'LM', NULL, NULL, false, 0, 0, 0);
insert into player_stats (game_id, player_id, position, sub_on, sub_off, red_card, yellow_card, assist, goal) values (18, 86, 'LM', NULL, NULL, false, 0, 1, 0);
insert into player_stats (game_id, player_id, position, sub_on, sub_off, red_card, yellow_card, assist, goal) values (18, 84, 'CDM', 54, NULL, false, 0, 0, 1);
insert into player_stats (game_id, player_id, position, sub_on, sub_off, red_card, yellow_card, assist, goal) values (18, 83, 'RM', NULL, NULL, false, 0, 0, 1);
insert into player_stats (game_id, player_id, position, sub_on, sub_off, red_card, yellow_card, assist, goal) values (18, 87, 'ST', NULL, NULL, false, 0, 0, 1);
insert into player_stats (game_id, player_id, position, sub_on, sub_off, red_card, yellow_card, assist, goal) values (18, 88, 'ST', NULL, NULL, false, 0, 0, 1);
insert into player_stats (game_id, player_id, position, sub_on, sub_off, red_card, yellow_card, assist, goal) values (18, 23, 'GK', NULL, NULL, false, 0, 0, 0);
insert into player_stats (game_id, player_id, position, sub_on, sub_off, red_card, yellow_card, assist, goal) values (18, 24, 'LWB', NULL, NULL, false, 0, 0, 0);
insert into player_stats (game_id, player_id, position, sub_on, sub_off, red_card, yellow_card, assist, goal) values (18, 27, 'RWB', NULL, NULL, false, 0, 0, 0);
insert into player_stats (game_id, player_id, position, sub_on, sub_off, red_card, yellow_card, assist, goal) values (18, 25, 'CB', NULL, NULL, false, 0, 1, 0);
insert into player_stats (game_id, player_id, position, sub_on, sub_off, red_card, yellow_card, assist, goal) values (18, 26, 'LB', NULL, NULL, false, 0, 2, 0);
insert into player_stats (game_id, player_id, position, sub_on, sub_off, red_card, yellow_card, assist, goal) values (18, 28, 'CM', NULL, NULL, false, 0, 0, 1);
insert into player_stats (game_id, player_id, position, sub_on, sub_off, red_card, yellow_card, assist, goal) values (18, 29, 'RM', NULL, NULL, false, 0, 0, 2);
insert into player_stats (game_id, player_id, position, sub_on, sub_off, red_card, yellow_card, assist, goal) values (18, 30, 'CM', NULL, NULL, false, 0, 0, 1);
insert into player_stats (game_id, player_id, position, sub_on, sub_off, red_card, yellow_card, assist, goal) values (18, 31, 'CDM', NULL, NULL, false, 0, 1, 0);
insert into player_stats (game_id, player_id, position, sub_on, sub_off, red_card, yellow_card, assist, goal) values (18, 32, 'LW', NULL, NULL, false, 0, 0, 0);
insert into player_stats (game_id, player_id, position, sub_on, sub_off, red_card, yellow_card, assist, goal) values (18, 33, 'ST', NULL, NULL, false, 0, 0, 0);
insert into player_stats (game_id, player_id, position, sub_on, sub_off, red_card, yellow_card, assist, goal) values (19, 155, 'GK', NULL, NULL, false, 0, 0, 0);
insert into player_stats (game_id, player_id, position, sub_on, sub_off, red_card, yellow_card, assist, goal) values (19, 158, 'LB', NULL, NULL, false, 0, 0, 0);
insert into player_stats (game_id, player_id, position, sub_on, sub_off, red_card, yellow_card, assist, goal) values (19, 159, 'LWB', NULL, NULL, false, 0, 0, 0);
insert into player_stats (game_id, player_id, position, sub_on, sub_off, red_card, yellow_card, assist, goal) values (19, 157, 'RWB', NULL, NULL, false, 1, 0, 0);
insert into player_stats (game_id, player_id, position, sub_on, sub_off, red_card, yellow_card, assist, goal) values (19, 156, 'LWB', 32, NULL, false, 0, 0, 0);
insert into player_stats (game_id, player_id, position, sub_on, sub_off, red_card, yellow_card, assist, goal) values (19, 162, 'RM', NULL, NULL, false, 0, 0, 0);
insert into player_stats (game_id, player_id, position, sub_on, sub_off, red_card, yellow_card, assist, goal) values (19, 160, 'CDM', NULL, NULL, false, 0, 0, 1);
insert into player_stats (game_id, player_id, position, sub_on, sub_off, red_card, yellow_card, assist, goal) values (19, 161, 'RM', 1, NULL, false, 0, 1, 0);
insert into player_stats (game_id, player_id, position, sub_on, sub_off, red_card, yellow_card, assist, goal) values (19, 163, 'CDM', NULL, NULL, false, 1, 0, 0);
insert into player_stats (game_id, player_id, position, sub_on, sub_off, red_card, yellow_card, assist, goal) values (19, 165, 'ST', NULL, NULL, false, 0, 0, 1);
insert into player_stats (game_id, player_id, position, sub_on, sub_off, red_card, yellow_card, assist, goal) values (19, 164, 'CF', NULL, NULL, false, 0, 0, 1);
insert into player_stats (game_id, player_id, position, sub_on, sub_off, red_card, yellow_card, assist, goal) values (19, 1, 'GK', 29, NULL, false, 0, 0, 0);
insert into player_stats (game_id, player_id, position, sub_on, sub_off, red_card, yellow_card, assist, goal) values (19, 4, 'LWB', NULL, NULL, false, 1, 0, 0);
insert into player_stats (game_id, player_id, position, sub_on, sub_off, red_card, yellow_card, assist, goal) values (19, 5, 'CB', NULL, NULL, false, 0, 0, 0);
insert into player_stats (game_id, player_id, position, sub_on, sub_off, red_card, yellow_card, assist, goal) values (19, 3, 'LWB', NULL, NULL, false, 0, 0, 0);
insert into player_stats (game_id, player_id, position, sub_on, sub_off, red_card, yellow_card, assist, goal) values (19, 2, 'CB', NULL, NULL, false, 0, 0, 0);
insert into player_stats (game_id, player_id, position, sub_on, sub_off, red_card, yellow_card, assist, goal) values (19, 8, 'RM', NULL, NULL, false, 0, 0, 0);
insert into player_stats (game_id, player_id, position, sub_on, sub_off, red_card, yellow_card, assist, goal) values (19, 9, 'CM', NULL, NULL, false, 0, 0, 0);
insert into player_stats (game_id, player_id, position, sub_on, sub_off, red_card, yellow_card, assist, goal) values (19, 6, 'CM', NULL, NULL, false, 1, 1, 0);
insert into player_stats (game_id, player_id, position, sub_on, sub_off, red_card, yellow_card, assist, goal) values (19, 7, 'CAM', NULL, NULL, false, 0, 0, 0);
insert into player_stats (game_id, player_id, position, sub_on, sub_off, red_card, yellow_card, assist, goal) values (19, 10, 'RW', NULL, NULL, false, 0, 0, 0);
insert into player_stats (game_id, player_id, position, sub_on, sub_off, red_card, yellow_card, assist, goal) values (19, 11, 'ST', NULL, NULL, false, 0, 0, 0);
insert into player_stats (game_id, player_id, position, sub_on, sub_off, red_card, yellow_card, assist, goal) values (20, 12, 'GK', NULL, NULL, false, 0, 0, 0);
insert into player_stats (game_id, player_id, position, sub_on, sub_off, red_card, yellow_card, assist, goal) values (20, 16, 'CB', NULL, NULL, false, 0, 0, 0);
insert into player_stats (game_id, player_id, position, sub_on, sub_off, red_card, yellow_card, assist, goal) values (20, 13, 'CB', NULL, NULL, false, 0, 0, 0);
insert into player_stats (game_id, player_id, position, sub_on, sub_off, red_card, yellow_card, assist, goal) values (20, 14, 'LB', NULL, NULL, false, 0, 0, 0);
insert into player_stats (game_id, player_id, position, sub_on, sub_off, red_card, yellow_card, assist, goal) values (20, 15, 'RWB', NULL, NULL, false, 1, 0, 0);
insert into player_stats (game_id, player_id, position, sub_on, sub_off, red_card, yellow_card, assist, goal) values (20, 20, 'CAM', NULL, NULL, false, 0, 1, 0);
insert into player_stats (game_id, player_id, position, sub_on, sub_off, red_card, yellow_card, assist, goal) values (20, 18, 'CM', NULL, NULL, false, 0, 0, 0);
insert into player_stats (game_id, player_id, position, sub_on, sub_off, red_card, yellow_card, assist, goal) values (20, 19, 'CDM', NULL, NULL, false, 0, 0, 0);
insert into player_stats (game_id, player_id, position, sub_on, sub_off, red_card, yellow_card, assist, goal) values (20, 17, 'RM', NULL, NULL, false, 0, 0, 0);
insert into player_stats (game_id, player_id, position, sub_on, sub_off, red_card, yellow_card, assist, goal) values (20, 21, 'CF', NULL, NULL, false, 0, 0, 0);
insert into player_stats (game_id, player_id, position, sub_on, sub_off, red_card, yellow_card, assist, goal) values (20, 22, 'ST', NULL, NULL, false, 0, 0, 1);
insert into player_stats (game_id, player_id, position, sub_on, sub_off, red_card, yellow_card, assist, goal) values (20, 45, 'GK', 21, NULL, false, 0, 0, 0);
insert into player_stats (game_id, player_id, position, sub_on, sub_off, red_card, yellow_card, assist, goal) values (20, 47, 'CB', NULL, NULL, false, 0, 0, 0);
insert into player_stats (game_id, player_id, position, sub_on, sub_off, red_card, yellow_card, assist, goal) values (20, 49, 'LWB', NULL, NULL, false, 0, 0, 0);
insert into player_stats (game_id, player_id, position, sub_on, sub_off, red_card, yellow_card, assist, goal) values (20, 46, 'LB', NULL, NULL, false, 0, 1, 0);
insert into player_stats (game_id, player_id, position, sub_on, sub_off, red_card, yellow_card, assist, goal) values (20, 48, 'CB', NULL, NULL, false, 0, 0, 0);
insert into player_stats (game_id, player_id, position, sub_on, sub_off, red_card, yellow_card, assist, goal) values (20, 51, 'CAM', NULL, NULL, false, 0, 0, 1);
insert into player_stats (game_id, player_id, position, sub_on, sub_off, red_card, yellow_card, assist, goal) values (20, 52, 'CM', NULL, NULL, false, 0, 0, 1);
insert into player_stats (game_id, player_id, position, sub_on, sub_off, red_card, yellow_card, assist, goal) values (20, 50, 'CDM', NULL, NULL, false, 0, 0, 1);
insert into player_stats (game_id, player_id, position, sub_on, sub_off, red_card, yellow_card, assist, goal) values (20, 53, 'CAM', NULL, NULL, false, 0, 0, 1);
insert into player_stats (game_id, player_id, position, sub_on, sub_off, red_card, yellow_card, assist, goal) values (20, 55, 'RW', NULL, NULL, false, 0, 0, 0);
insert into player_stats (game_id, player_id, position, sub_on, sub_off, red_card, yellow_card, assist, goal) values (20, 54, 'ST', NULL, NULL, false, 0, 1, 0);
insert into player_stats (game_id, player_id, position, sub_on, sub_off, red_card, yellow_card, assist, goal) values (21, 45, 'GK', NULL, NULL, false, 0, 0, 0);
insert into player_stats (game_id, player_id, position, sub_on, sub_off, red_card, yellow_card, assist, goal) values (21, 47, 'CB', NULL, NULL, false, 0, 1, 0);
insert into player_stats (game_id, player_id, position, sub_on, sub_off, red_card, yellow_card, assist, goal) values (21, 46, 'LWB', 36, NULL, false, 0, 0, 0);
insert into player_stats (game_id, player_id, position, sub_on, sub_off, red_card, yellow_card, assist, goal) values (21, 49, 'LB', NULL, NULL, false, 0, 0, 0);
insert into player_stats (game_id, player_id, position, sub_on, sub_off, red_card, yellow_card, assist, goal) values (21, 48, 'RWB', NULL, NULL, false, 0, 0, 0);
insert into player_stats (game_id, player_id, position, sub_on, sub_off, red_card, yellow_card, assist, goal) values (21, 50, 'CAM', NULL, NULL, false, 0, 0, 1);
insert into player_stats (game_id, player_id, position, sub_on, sub_off, red_card, yellow_card, assist, goal) values (21, 52, 'RM', NULL, NULL, false, 0, 0, 1);
insert into player_stats (game_id, player_id, position, sub_on, sub_off, red_card, yellow_card, assist, goal) values (21, 51, 'CDM', NULL, NULL, false, 1, 1, 0);
insert into player_stats (game_id, player_id, position, sub_on, sub_off, red_card, yellow_card, assist, goal) values (21, 53, 'CDM', NULL, NULL, false, 0, 0, 0);
insert into player_stats (game_id, player_id, position, sub_on, sub_off, red_card, yellow_card, assist, goal) values (21, 55, 'LW', NULL, NULL, false, 0, 0, 0);
insert into player_stats (game_id, player_id, position, sub_on, sub_off, red_card, yellow_card, assist, goal) values (21, 54, 'RW', NULL, NULL, false, 0, 0, 0);
insert into player_stats (game_id, player_id, position, sub_on, sub_off, red_card, yellow_card, assist, goal) values (21, 89, 'GK', NULL, NULL, false, 0, 0, 0);
insert into player_stats (game_id, player_id, position, sub_on, sub_off, red_card, yellow_card, assist, goal) values (21, 92, 'LWB', NULL, NULL, false, 0, 0, 0);
insert into player_stats (game_id, player_id, position, sub_on, sub_off, red_card, yellow_card, assist, goal) values (21, 91, 'CB', NULL, NULL, false, 0, 0, 0);
insert into player_stats (game_id, player_id, position, sub_on, sub_off, red_card, yellow_card, assist, goal) values (21, 93, 'CB', NULL, NULL, false, 0, 1, 0);
insert into player_stats (game_id, player_id, position, sub_on, sub_off, red_card, yellow_card, assist, goal) values (21, 90, 'CB', NULL, NULL, false, 1, 0, 0);
insert into player_stats (game_id, player_id, position, sub_on, sub_off, red_card, yellow_card, assist, goal) values (21, 95, 'CDM', NULL, NULL, false, 0, 0, 1);
insert into player_stats (game_id, player_id, position, sub_on, sub_off, red_card, yellow_card, assist, goal) values (21, 96, 'CM', NULL, NULL, false, 0, 0, 0);
insert into player_stats (game_id, player_id, position, sub_on, sub_off, red_card, yellow_card, assist, goal) values (21, 97, 'CDM', NULL, NULL, false, 0, 1, 0);
insert into player_stats (game_id, player_id, position, sub_on, sub_off, red_card, yellow_card, assist, goal) values (21, 94, 'CAM', NULL, NULL, false, 0, 0, 0);
insert into player_stats (game_id, player_id, position, sub_on, sub_off, red_card, yellow_card, assist, goal) values (21, 98, 'ST', NULL, NULL, false, 0, 0, 2);
insert into player_stats (game_id, player_id, position, sub_on, sub_off, red_card, yellow_card, assist, goal) values (21, 99, 'RW', NULL, NULL, false, 0, 0, 0);
insert into player_stats (game_id, player_id, position, sub_on, sub_off, red_card, yellow_card, assist, goal) values (22, 210, 'GK', NULL, NULL, false, 0, 0, 0);
insert into player_stats (game_id, player_id, position, sub_on, sub_off, red_card, yellow_card, assist, goal) values (22, 211, 'CB', NULL, NULL, false, 1, 0, 0);
insert into player_stats (game_id, player_id, position, sub_on, sub_off, red_card, yellow_card, assist, goal) values (22, 212, 'RB', NULL, NULL, false, 0, 0, 0);
insert into player_stats (game_id, player_id, position, sub_on, sub_off, red_card, yellow_card, assist, goal) values (22, 213, 'RWB', 69, NULL, false, 0, 0, 0);
insert into player_stats (game_id, player_id, position, sub_on, sub_off, red_card, yellow_card, assist, goal) values (22, 214, 'LWB', NULL, NULL, false, 0, 0, 0);
insert into player_stats (game_id, player_id, position, sub_on, sub_off, red_card, yellow_card, assist, goal) values (22, 218, 'LM', NULL, NULL, false, 0, 0, 0);
insert into player_stats (game_id, player_id, position, sub_on, sub_off, red_card, yellow_card, assist, goal) values (22, 216, 'CDM', 23, NULL, false, 0, 0, 0);
insert into player_stats (game_id, player_id, position, sub_on, sub_off, red_card, yellow_card, assist, goal) values (22, 217, 'CM', NULL, NULL, false, 1, 0, 0);
insert into player_stats (game_id, player_id, position, sub_on, sub_off, red_card, yellow_card, assist, goal) values (22, 215, 'CM', NULL, NULL, false, 0, 0, 0);
insert into player_stats (game_id, player_id, position, sub_on, sub_off, red_card, yellow_card, assist, goal) values (22, 219, 'CF', NULL, NULL, false, 0, 0, 0);
insert into player_stats (game_id, player_id, position, sub_on, sub_off, red_card, yellow_card, assist, goal) values (22, 220, 'LW', NULL, NULL, false, 0, 0, 0);
insert into player_stats (game_id, player_id, position, sub_on, sub_off, red_card, yellow_card, assist, goal) values (22, 122, 'GK', NULL, NULL, false, 0, 0, 0);
insert into player_stats (game_id, player_id, position, sub_on, sub_off, red_card, yellow_card, assist, goal) values (22, 125, 'LWB', NULL, NULL, false, 0, 0, 0);
insert into player_stats (game_id, player_id, position, sub_on, sub_off, red_card, yellow_card, assist, goal) values (22, 124, 'LWB', NULL, NULL, false, 0, 0, 0);
insert into player_stats (game_id, player_id, position, sub_on, sub_off, red_card, yellow_card, assist, goal) values (22, 126, 'RB', NULL, NULL, false, 0, 0, 0);
insert into player_stats (game_id, player_id, position, sub_on, sub_off, red_card, yellow_card, assist, goal) values (22, 123, 'RWB', 43, NULL, false, 0, 0, 0);
insert into player_stats (game_id, player_id, position, sub_on, sub_off, red_card, yellow_card, assist, goal) values (22, 127, 'CAM', NULL, NULL, false, 0, 0, 0);
insert into player_stats (game_id, player_id, position, sub_on, sub_off, red_card, yellow_card, assist, goal) values (22, 128, 'CM', NULL, NULL, false, 0, 0, 0);
insert into player_stats (game_id, player_id, position, sub_on, sub_off, red_card, yellow_card, assist, goal) values (22, 129, 'RM', 57, NULL, false, 0, 0, 0);
insert into player_stats (game_id, player_id, position, sub_on, sub_off, red_card, yellow_card, assist, goal) values (22, 130, 'RM', NULL, NULL, false, 0, 0, 1);
insert into player_stats (game_id, player_id, position, sub_on, sub_off, red_card, yellow_card, assist, goal) values (22, 132, 'LW', NULL, NULL, false, 1, 0, 0);
insert into player_stats (game_id, player_id, position, sub_on, sub_off, red_card, yellow_card, assist, goal) values (22, 131, 'RW', NULL, NULL, false, 0, 0, 0);
insert into player_stats (game_id, player_id, position, sub_on, sub_off, red_card, yellow_card, assist, goal) values (23, 89, 'GK', NULL, NULL, false, 0, 0, 0);
insert into player_stats (game_id, player_id, position, sub_on, sub_off, red_card, yellow_card, assist, goal) values (23, 90, 'LB', NULL, NULL, false, 0, 0, 0);
insert into player_stats (game_id, player_id, position, sub_on, sub_off, red_card, yellow_card, assist, goal) values (23, 91, 'CB', NULL, NULL, false, 0, 0, 0);
insert into player_stats (game_id, player_id, position, sub_on, sub_off, red_card, yellow_card, assist, goal) values (23, 92, 'RB', NULL, NULL, false, 1, 1, 0);
insert into player_stats (game_id, player_id, position, sub_on, sub_off, red_card, yellow_card, assist, goal) values (23, 93, 'CB', NULL, NULL, false, 0, 0, 0);
insert into player_stats (game_id, player_id, position, sub_on, sub_off, red_card, yellow_card, assist, goal) values (23, 94, 'LM', NULL, NULL, false, 1, 0, 0);
insert into player_stats (game_id, player_id, position, sub_on, sub_off, red_card, yellow_card, assist, goal) values (23, 97, 'LM', NULL, NULL, false, 0, 0, 1);
insert into player_stats (game_id, player_id, position, sub_on, sub_off, red_card, yellow_card, assist, goal) values (23, 96, 'LM', NULL, NULL, false, 0, 0, 0);
insert into player_stats (game_id, player_id, position, sub_on, sub_off, red_card, yellow_card, assist, goal) values (23, 95, 'LM', NULL, NULL, false, 0, 0, 0);
insert into player_stats (game_id, player_id, position, sub_on, sub_off, red_card, yellow_card, assist, goal) values (23, 98, 'ST', NULL, NULL, false, 0, 0, 0);
insert into player_stats (game_id, player_id, position, sub_on, sub_off, red_card, yellow_card, assist, goal) values (23, 99, 'RW', NULL, NULL, false, 0, 0, 1);
insert into player_stats (game_id, player_id, position, sub_on, sub_off, red_card, yellow_card, assist, goal) values (23, 1, 'GK', 5, NULL, false, 0, 0, 0);
insert into player_stats (game_id, player_id, position, sub_on, sub_off, red_card, yellow_card, assist, goal) values (23, 2, 'CB', NULL, NULL, false, 0, 0, 0);
insert into player_stats (game_id, player_id, position, sub_on, sub_off, red_card, yellow_card, assist, goal) values (23, 4, 'LB', NULL, NULL, false, 0, 0, 0);
insert into player_stats (game_id, player_id, position, sub_on, sub_off, red_card, yellow_card, assist, goal) values (23, 5, 'RWB', NULL, NULL, false, 0, 0, 0);
insert into player_stats (game_id, player_id, position, sub_on, sub_off, red_card, yellow_card, assist, goal) values (23, 3, 'CB', NULL, NULL, false, 0, 0, 0);
insert into player_stats (game_id, player_id, position, sub_on, sub_off, red_card, yellow_card, assist, goal) values (23, 7, 'RM', NULL, NULL, false, 0, 0, 0);
insert into player_stats (game_id, player_id, position, sub_on, sub_off, red_card, yellow_card, assist, goal) values (23, 8, 'RM', NULL, NULL, false, 0, 1, 0);
insert into player_stats (game_id, player_id, position, sub_on, sub_off, red_card, yellow_card, assist, goal) values (23, 6, 'RM', NULL, NULL, false, 0, 0, 0);
insert into player_stats (game_id, player_id, position, sub_on, sub_off, red_card, yellow_card, assist, goal) values (23, 9, 'CDM', NULL, NULL, false, 0, 0, 1);
insert into player_stats (game_id, player_id, position, sub_on, sub_off, red_card, yellow_card, assist, goal) values (23, 10, 'CF', NULL, NULL, false, 0, 0, 0);
insert into player_stats (game_id, player_id, position, sub_on, sub_off, red_card, yellow_card, assist, goal) values (23, 11, 'CF', NULL, NULL, false, 0, 0, 1);
insert into player_stats (game_id, player_id, position, sub_on, sub_off, red_card, yellow_card, assist, goal) values (24, 188, 'GK', NULL, NULL, false, 0, 0, 0);
insert into player_stats (game_id, player_id, position, sub_on, sub_off, red_card, yellow_card, assist, goal) values (24, 192, 'CB', NULL, NULL, false, 0, 0, 0);
insert into player_stats (game_id, player_id, position, sub_on, sub_off, red_card, yellow_card, assist, goal) values (24, 191, 'CB', NULL, NULL, false, 0, 0, 0);
insert into player_stats (game_id, player_id, position, sub_on, sub_off, red_card, yellow_card, assist, goal) values (24, 189, 'CB', NULL, NULL, false, 0, 0, 0);
insert into player_stats (game_id, player_id, position, sub_on, sub_off, red_card, yellow_card, assist, goal) values (24, 190, 'CB', NULL, NULL, false, 0, 0, 0);
insert into player_stats (game_id, player_id, position, sub_on, sub_off, red_card, yellow_card, assist, goal) values (24, 195, 'RM', NULL, NULL, false, 0, 0, 0);
insert into player_stats (game_id, player_id, position, sub_on, sub_off, red_card, yellow_card, assist, goal) values (24, 196, 'CM', NULL, NULL, false, 0, 0, 0);
insert into player_stats (game_id, player_id, position, sub_on, sub_off, red_card, yellow_card, assist, goal) values (24, 194, 'CDM', NULL, NULL, false, 0, 0, 0);
insert into player_stats (game_id, player_id, position, sub_on, sub_off, red_card, yellow_card, assist, goal) values (24, 193, 'CM', NULL, NULL, false, 0, 0, 0);
insert into player_stats (game_id, player_id, position, sub_on, sub_off, red_card, yellow_card, assist, goal) values (24, 198, 'CF', NULL, NULL, false, 0, 0, 0);
insert into player_stats (game_id, player_id, position, sub_on, sub_off, red_card, yellow_card, assist, goal) values (24, 197, 'ST', NULL, NULL, false, 1, 0, 0);
insert into player_stats (game_id, player_id, position, sub_on, sub_off, red_card, yellow_card, assist, goal) values (24, 1, 'GK', NULL, NULL, false, 0, 0, 0);
insert into player_stats (game_id, player_id, position, sub_on, sub_off, red_card, yellow_card, assist, goal) values (24, 5, 'LB', NULL, NULL, false, 0, 0, 0);
insert into player_stats (game_id, player_id, position, sub_on, sub_off, red_card, yellow_card, assist, goal) values (24, 4, 'RB', NULL, NULL, false, 0, 0, 0);
insert into player_stats (game_id, player_id, position, sub_on, sub_off, red_card, yellow_card, assist, goal) values (24, 2, 'RWB', NULL, NULL, false, 1, 0, 0);
insert into player_stats (game_id, player_id, position, sub_on, sub_off, red_card, yellow_card, assist, goal) values (24, 3, 'CB', NULL, NULL, false, 0, 1, 0);
insert into player_stats (game_id, player_id, position, sub_on, sub_off, red_card, yellow_card, assist, goal) values (24, 7, 'LM', NULL, NULL, false, 0, 0, 0);
insert into player_stats (game_id, player_id, position, sub_on, sub_off, red_card, yellow_card, assist, goal) values (24, 9, 'RM', NULL, NULL, false, 0, 0, 1);
insert into player_stats (game_id, player_id, position, sub_on, sub_off, red_card, yellow_card, assist, goal) values (24, 6, 'LM', NULL, NULL, false, 0, 0, 0);
insert into player_stats (game_id, player_id, position, sub_on, sub_off, red_card, yellow_card, assist, goal) values (24, 8, 'LM', NULL, NULL, false, 0, 0, 0);
insert into player_stats (game_id, player_id, position, sub_on, sub_off, red_card, yellow_card, assist, goal) values (24, 11, 'CF', 80, NULL, false, 0, 0, 0);
insert into player_stats (game_id, player_id, position, sub_on, sub_off, red_card, yellow_card, assist, goal) values (24, 10, 'RW', NULL, NULL, false, 0, 0, 0);
insert into player_stats (game_id, player_id, position, sub_on, sub_off, red_card, yellow_card, assist, goal) values (25, 144, 'GK', NULL, NULL, false, 0, 0, 0);
insert into player_stats (game_id, player_id, position, sub_on, sub_off, red_card, yellow_card, assist, goal) values (25, 145, 'RB', NULL, NULL, false, 0, 0, 0);
insert into player_stats (game_id, player_id, position, sub_on, sub_off, red_card, yellow_card, assist, goal) values (25, 148, 'RWB', NULL, NULL, false, 0, 0, 0);
insert into player_stats (game_id, player_id, position, sub_on, sub_off, red_card, yellow_card, assist, goal) values (25, 147, 'CB', NULL, NULL, false, 0, 0, 0);
insert into player_stats (game_id, player_id, position, sub_on, sub_off, red_card, yellow_card, assist, goal) values (25, 146, 'LB', NULL, NULL, false, 0, 0, 0);
insert into player_stats (game_id, player_id, position, sub_on, sub_off, red_card, yellow_card, assist, goal) values (25, 151, 'CAM', NULL, NULL, false, 0, 0, 0);
insert into player_stats (game_id, player_id, position, sub_on, sub_off, red_card, yellow_card, assist, goal) values (25, 150, 'LM', NULL, NULL, false, 0, 0, 0);
insert into player_stats (game_id, player_id, position, sub_on, sub_off, red_card, yellow_card, assist, goal) values (25, 152, 'CDM', NULL, NULL, false, 0, 0, 1);
insert into player_stats (game_id, player_id, position, sub_on, sub_off, red_card, yellow_card, assist, goal) values (25, 149, 'CAM', NULL, NULL, false, 0, 0, 0);
insert into player_stats (game_id, player_id, position, sub_on, sub_off, red_card, yellow_card, assist, goal) values (25, 153, 'LW', NULL, NULL, false, 0, 0, 0);
insert into player_stats (game_id, player_id, position, sub_on, sub_off, red_card, yellow_card, assist, goal) values (25, 154, 'CF', NULL, NULL, false, 0, 0, 0);
insert into player_stats (game_id, player_id, position, sub_on, sub_off, red_card, yellow_card, assist, goal) values (25, 1, 'GK', NULL, NULL, false, 0, 0, 0);
insert into player_stats (game_id, player_id, position, sub_on, sub_off, red_card, yellow_card, assist, goal) values (25, 4, 'LB', NULL, NULL, false, 0, 0, 0);
insert into player_stats (game_id, player_id, position, sub_on, sub_off, red_card, yellow_card, assist, goal) values (25, 5, 'LB', 42, NULL, false, 0, 0, 0);
insert into player_stats (game_id, player_id, position, sub_on, sub_off, red_card, yellow_card, assist, goal) values (25, 3, 'CB', NULL, NULL, false, 0, 0, 0);
insert into player_stats (game_id, player_id, position, sub_on, sub_off, red_card, yellow_card, assist, goal) values (25, 2, 'RWB', NULL, NULL, false, 0, 0, 0);
insert into player_stats (game_id, player_id, position, sub_on, sub_off, red_card, yellow_card, assist, goal) values (25, 6, 'CAM', 53, NULL, false, 0, 0, 0);
insert into player_stats (game_id, player_id, position, sub_on, sub_off, red_card, yellow_card, assist, goal) values (25, 7, 'CAM', NULL, NULL, false, 0, 0, 0);
insert into player_stats (game_id, player_id, position, sub_on, sub_off, red_card, yellow_card, assist, goal) values (25, 8, 'CM', NULL, NULL, false, 0, 0, 1);
insert into player_stats (game_id, player_id, position, sub_on, sub_off, red_card, yellow_card, assist, goal) values (25, 9, 'CDM', NULL, NULL, false, 0, 0, 0);
insert into player_stats (game_id, player_id, position, sub_on, sub_off, red_card, yellow_card, assist, goal) values (25, 11, 'CF', NULL, NULL, false, 0, 0, 0);
insert into player_stats (game_id, player_id, position, sub_on, sub_off, red_card, yellow_card, assist, goal) values (25, 10, 'LW', NULL, NULL, false, 0, 1, 0);
insert into player_stats (game_id, player_id, position, sub_on, sub_off, red_card, yellow_card, assist, goal) values (26, 12, 'GK', NULL, NULL, false, 0, 0, 0);
insert into player_stats (game_id, player_id, position, sub_on, sub_off, red_card, yellow_card, assist, goal) values (26, 13, 'RWB', NULL, NULL, false, 0, 0, 0);
insert into player_stats (game_id, player_id, position, sub_on, sub_off, red_card, yellow_card, assist, goal) values (26, 16, 'CB', NULL, NULL, false, 0, 0, 0);
insert into player_stats (game_id, player_id, position, sub_on, sub_off, red_card, yellow_card, assist, goal) values (26, 15, 'RWB', NULL, NULL, false, 0, 0, 0);
insert into player_stats (game_id, player_id, position, sub_on, sub_off, red_card, yellow_card, assist, goal) values (26, 14, 'LB', NULL, NULL, false, 0, 0, 0);
insert into player_stats (game_id, player_id, position, sub_on, sub_off, red_card, yellow_card, assist, goal) values (26, 20, 'CDM', NULL, NULL, false, 0, 0, 1);
insert into player_stats (game_id, player_id, position, sub_on, sub_off, red_card, yellow_card, assist, goal) values (26, 19, 'RM', NULL, NULL, false, 0, 0, 0);
insert into player_stats (game_id, player_id, position, sub_on, sub_off, red_card, yellow_card, assist, goal) values (26, 18, 'CAM', NULL, NULL, false, 0, 0, 0);
insert into player_stats (game_id, player_id, position, sub_on, sub_off, red_card, yellow_card, assist, goal) values (26, 17, 'LM', NULL, NULL, false, 0, 1, 0);
insert into player_stats (game_id, player_id, position, sub_on, sub_off, red_card, yellow_card, assist, goal) values (26, 21, 'RW', 50, 92, false, 0, 0, 2);
insert into player_stats (game_id, player_id, position, sub_on, sub_off, red_card, yellow_card, assist, goal) values (26, 22, 'LW', 64, NULL, false, 0, 0, 1);
insert into player_stats (game_id, player_id, position, sub_on, sub_off, red_card, yellow_card, assist, goal) values (26, 122, 'GK', NULL, NULL, false, 0, 0, 0);
insert into player_stats (game_id, player_id, position, sub_on, sub_off, red_card, yellow_card, assist, goal) values (26, 125, 'LB', NULL, NULL, false, 0, 0, 0);
insert into player_stats (game_id, player_id, position, sub_on, sub_off, red_card, yellow_card, assist, goal) values (26, 123, 'LB', NULL, NULL, false, 0, 1, 0);
insert into player_stats (game_id, player_id, position, sub_on, sub_off, red_card, yellow_card, assist, goal) values (26, 124, 'CB', NULL, NULL, false, 0, 0, 0);
insert into player_stats (game_id, player_id, position, sub_on, sub_off, red_card, yellow_card, assist, goal) values (26, 126, 'LWB', NULL, NULL, false, 0, 0, 0);
insert into player_stats (game_id, player_id, position, sub_on, sub_off, red_card, yellow_card, assist, goal) values (26, 130, 'CM', NULL, NULL, false, 0, 0, 0);
insert into player_stats (game_id, player_id, position, sub_on, sub_off, red_card, yellow_card, assist, goal) values (26, 129, 'RM', NULL, NULL, false, 0, 0, 1);
insert into player_stats (game_id, player_id, position, sub_on, sub_off, red_card, yellow_card, assist, goal) values (26, 127, 'LM', NULL, NULL, false, 0, 4, 0);
insert into player_stats (game_id, player_id, position, sub_on, sub_off, red_card, yellow_card, assist, goal) values (26, 128, 'CAM', NULL, NULL, false, 0, 0, 1);
insert into player_stats (game_id, player_id, position, sub_on, sub_off, red_card, yellow_card, assist, goal) values (26, 132, 'RW', NULL, NULL, false, 0, 0, 1);
insert into player_stats (game_id, player_id, position, sub_on, sub_off, red_card, yellow_card, assist, goal) values (26, 131, 'CF', NULL, NULL, false, 0, 0, 0);
insert into player_stats (game_id, player_id, position, sub_on, sub_off, red_card, yellow_card, assist, goal) values (27, 199, 'GK', NULL, NULL, false, 0, 0, 0);
insert into player_stats (game_id, player_id, position, sub_on, sub_off, red_card, yellow_card, assist, goal) values (27, 200, 'RB', NULL, NULL, false, 0, 0, 0);
insert into player_stats (game_id, player_id, position, sub_on, sub_off, red_card, yellow_card, assist, goal) values (27, 203, 'LWB', NULL, NULL, false, 0, 1, 0);
insert into player_stats (game_id, player_id, position, sub_on, sub_off, red_card, yellow_card, assist, goal) values (27, 201, 'RB', NULL, NULL, false, 0, 0, 0);
insert into player_stats (game_id, player_id, position, sub_on, sub_off, red_card, yellow_card, assist, goal) values (27, 202, 'LB', NULL, NULL, false, 0, 0, 0);
insert into player_stats (game_id, player_id, position, sub_on, sub_off, red_card, yellow_card, assist, goal) values (27, 206, 'CAM', NULL, NULL, false, 0, 0, 1);
insert into player_stats (game_id, player_id, position, sub_on, sub_off, red_card, yellow_card, assist, goal) values (27, 207, 'LM', NULL, NULL, false, 0, 0, 0);
insert into player_stats (game_id, player_id, position, sub_on, sub_off, red_card, yellow_card, assist, goal) values (27, 205, 'CM', NULL, NULL, false, 0, 0, 1);
insert into player_stats (game_id, player_id, position, sub_on, sub_off, red_card, yellow_card, assist, goal) values (27, 204, 'LM', NULL, NULL, false, 0, 0, 0);
insert into player_stats (game_id, player_id, position, sub_on, sub_off, red_card, yellow_card, assist, goal) values (27, 209, 'ST', NULL, NULL, false, 0, 0, 1);
insert into player_stats (game_id, player_id, position, sub_on, sub_off, red_card, yellow_card, assist, goal) values (27, 208, 'CF', NULL, NULL, false, 0, 0, 1);
insert into player_stats (game_id, player_id, position, sub_on, sub_off, red_card, yellow_card, assist, goal) values (27, 45, 'GK', NULL, NULL, false, 0, 0, 0);
insert into player_stats (game_id, player_id, position, sub_on, sub_off, red_card, yellow_card, assist, goal) values (27, 47, 'LWB', NULL, NULL, false, 0, 1, 0);
insert into player_stats (game_id, player_id, position, sub_on, sub_off, red_card, yellow_card, assist, goal) values (27, 48, 'CB', NULL, NULL, false, 0, 0, 0);
insert into player_stats (game_id, player_id, position, sub_on, sub_off, red_card, yellow_card, assist, goal) values (27, 46, 'LWB', NULL, NULL, false, 0, 0, 0);
insert into player_stats (game_id, player_id, position, sub_on, sub_off, red_card, yellow_card, assist, goal) values (27, 49, 'RWB', NULL, NULL, false, 0, 1, 0);
insert into player_stats (game_id, player_id, position, sub_on, sub_off, red_card, yellow_card, assist, goal) values (27, 50, 'CAM', NULL, NULL, false, 0, 0, 0);
insert into player_stats (game_id, player_id, position, sub_on, sub_off, red_card, yellow_card, assist, goal) values (27, 53, 'LM', NULL, NULL, false, 0, 0, 0);
insert into player_stats (game_id, player_id, position, sub_on, sub_off, red_card, yellow_card, assist, goal) values (27, 51, 'RM', NULL, NULL, false, 0, 0, 0);
insert into player_stats (game_id, player_id, position, sub_on, sub_off, red_card, yellow_card, assist, goal) values (27, 52, 'CDM', 73, NULL, false, 0, 0, 0);
insert into player_stats (game_id, player_id, position, sub_on, sub_off, red_card, yellow_card, assist, goal) values (27, 54, 'RW', NULL, NULL, false, 0, 1, 0);
insert into player_stats (game_id, player_id, position, sub_on, sub_off, red_card, yellow_card, assist, goal) values (27, 55, 'LW', NULL, NULL, false, 0, 0, 0);
insert into player_stats (game_id, player_id, position, sub_on, sub_off, red_card, yellow_card, assist, goal) values (28, 188, 'GK', 66, NULL, false, 0, 0, 0);
insert into player_stats (game_id, player_id, position, sub_on, sub_off, red_card, yellow_card, assist, goal) values (28, 189, 'LB', NULL, NULL, false, 1, 1, 0);
insert into player_stats (game_id, player_id, position, sub_on, sub_off, red_card, yellow_card, assist, goal) values (28, 190, 'RB', NULL, NULL, false, 0, 0, 0);
insert into player_stats (game_id, player_id, position, sub_on, sub_off, red_card, yellow_card, assist, goal) values (28, 191, 'RWB', NULL, NULL, false, 0, 0, 0);
insert into player_stats (game_id, player_id, position, sub_on, sub_off, red_card, yellow_card, assist, goal) values (28, 192, 'RB', NULL, NULL, false, 0, 0, 0);
insert into player_stats (game_id, player_id, position, sub_on, sub_off, red_card, yellow_card, assist, goal) values (28, 195, 'CDM', NULL, NULL, false, 0, 0, 3);
insert into player_stats (game_id, player_id, position, sub_on, sub_off, red_card, yellow_card, assist, goal) values (28, 193, 'LM', NULL, NULL, false, 0, 1, 0);
insert into player_stats (game_id, player_id, position, sub_on, sub_off, red_card, yellow_card, assist, goal) values (28, 196, 'CDM', NULL, NULL, false, 0, 0, 0);
insert into player_stats (game_id, player_id, position, sub_on, sub_off, red_card, yellow_card, assist, goal) values (28, 194, 'LM', NULL, NULL, false, 0, 0, 0);
insert into player_stats (game_id, player_id, position, sub_on, sub_off, red_card, yellow_card, assist, goal) values (28, 197, 'CF', NULL, NULL, false, 0, 0, 0);
insert into player_stats (game_id, player_id, position, sub_on, sub_off, red_card, yellow_card, assist, goal) values (28, 198, 'RW', NULL, NULL, false, 0, 0, 0);
insert into player_stats (game_id, player_id, position, sub_on, sub_off, red_card, yellow_card, assist, goal) values (28, 45, 'GK', NULL, NULL, false, 0, 0, 0);
insert into player_stats (game_id, player_id, position, sub_on, sub_off, red_card, yellow_card, assist, goal) values (28, 48, 'LB', NULL, NULL, false, 0, 0, 0);
insert into player_stats (game_id, player_id, position, sub_on, sub_off, red_card, yellow_card, assist, goal) values (28, 47, 'LB', NULL, NULL, false, 0, 0, 0);
insert into player_stats (game_id, player_id, position, sub_on, sub_off, red_card, yellow_card, assist, goal) values (28, 49, 'LB', NULL, NULL, false, 0, 0, 0);
insert into player_stats (game_id, player_id, position, sub_on, sub_off, red_card, yellow_card, assist, goal) values (28, 46, 'LWB', NULL, NULL, false, 0, 0, 0);
insert into player_stats (game_id, player_id, position, sub_on, sub_off, red_card, yellow_card, assist, goal) values (28, 53, 'RM', NULL, NULL, false, 0, 0, 0);
insert into player_stats (game_id, player_id, position, sub_on, sub_off, red_card, yellow_card, assist, goal) values (28, 50, 'LM', 52, 53, false, 0, 0, 0);
insert into player_stats (game_id, player_id, position, sub_on, sub_off, red_card, yellow_card, assist, goal) values (28, 52, 'LM', NULL, NULL, false, 0, 0, 0);
insert into player_stats (game_id, player_id, position, sub_on, sub_off, red_card, yellow_card, assist, goal) values (28, 51, 'LM', 76, 87, false, 0, 0, 0);
insert into player_stats (game_id, player_id, position, sub_on, sub_off, red_card, yellow_card, assist, goal) values (28, 54, 'CF', NULL, NULL, false, 0, 0, 0);
insert into player_stats (game_id, player_id, position, sub_on, sub_off, red_card, yellow_card, assist, goal) values (28, 55, 'RW', NULL, NULL, false, 0, 0, 0);
insert into player_stats (game_id, player_id, position, sub_on, sub_off, red_card, yellow_card, assist, goal) values (29, 89, 'GK', 52, NULL, false, 0, 0, 0);
insert into player_stats (game_id, player_id, position, sub_on, sub_off, red_card, yellow_card, assist, goal) values (29, 90, 'CB', NULL, NULL, false, 0, 0, 0);
insert into player_stats (game_id, player_id, position, sub_on, sub_off, red_card, yellow_card, assist, goal) values (29, 91, 'CB', NULL, NULL, false, 0, 0, 0);
insert into player_stats (game_id, player_id, position, sub_on, sub_off, red_card, yellow_card, assist, goal) values (29, 92, 'RWB', NULL, NULL, false, 0, 0, 0);
insert into player_stats (game_id, player_id, position, sub_on, sub_off, red_card, yellow_card, assist, goal) values (29, 93, 'RWB', NULL, NULL, false, 0, 0, 0);
insert into player_stats (game_id, player_id, position, sub_on, sub_off, red_card, yellow_card, assist, goal) values (29, 94, 'RM', NULL, NULL, false, 0, 0, 0);
insert into player_stats (game_id, player_id, position, sub_on, sub_off, red_card, yellow_card, assist, goal) values (29, 95, 'CDM', NULL, NULL, false, 0, 0, 0);
insert into player_stats (game_id, player_id, position, sub_on, sub_off, red_card, yellow_card, assist, goal) values (29, 96, 'CAM', NULL, NULL, false, 0, 0, 0);
insert into player_stats (game_id, player_id, position, sub_on, sub_off, red_card, yellow_card, assist, goal) values (29, 97, 'CDM', NULL, NULL, false, 0, 0, 0);
insert into player_stats (game_id, player_id, position, sub_on, sub_off, red_card, yellow_card, assist, goal) values (29, 99, 'CF', NULL, NULL, false, 0, 0, 0);
insert into player_stats (game_id, player_id, position, sub_on, sub_off, red_card, yellow_card, assist, goal) values (29, 98, 'ST', NULL, NULL, false, 0, 0, 0);
insert into player_stats (game_id, player_id, position, sub_on, sub_off, red_card, yellow_card, assist, goal) values (29, 144, 'GK', NULL, NULL, false, 0, 0, 0);
insert into player_stats (game_id, player_id, position, sub_on, sub_off, red_card, yellow_card, assist, goal) values (29, 146, 'LWB', NULL, NULL, false, 0, 0, 0);
insert into player_stats (game_id, player_id, position, sub_on, sub_off, red_card, yellow_card, assist, goal) values (29, 147, 'RWB', NULL, NULL, false, 0, 0, 0);
insert into player_stats (game_id, player_id, position, sub_on, sub_off, red_card, yellow_card, assist, goal) values (29, 145, 'LWB', NULL, NULL, false, 0, 0, 0);
insert into player_stats (game_id, player_id, position, sub_on, sub_off, red_card, yellow_card, assist, goal) values (29, 148, 'RB', NULL, NULL, false, 0, 0, 0);
insert into player_stats (game_id, player_id, position, sub_on, sub_off, red_card, yellow_card, assist, goal) values (29, 149, 'CDM', NULL, NULL, false, 0, 0, 0);
insert into player_stats (game_id, player_id, position, sub_on, sub_off, red_card, yellow_card, assist, goal) values (29, 151, 'CM', NULL, NULL, false, 0, 0, 0);
insert into player_stats (game_id, player_id, position, sub_on, sub_off, red_card, yellow_card, assist, goal) values (29, 152, 'LM', NULL, NULL, false, 0, 0, 0);
insert into player_stats (game_id, player_id, position, sub_on, sub_off, red_card, yellow_card, assist, goal) values (29, 150, 'RM', 28, 49, false, 0, 0, 0);
insert into player_stats (game_id, player_id, position, sub_on, sub_off, red_card, yellow_card, assist, goal) values (29, 153, 'RW', NULL, NULL, false, 0, 0, 0);
insert into player_stats (game_id, player_id, position, sub_on, sub_off, red_card, yellow_card, assist, goal) values (29, 154, 'ST', 75, NULL, false, 0, 0, 0);
insert into player_stats (game_id, player_id, position, sub_on, sub_off, red_card, yellow_card, assist, goal) values (30, 34, 'GK', NULL, NULL, false, 0, 0, 0);
insert into player_stats (game_id, player_id, position, sub_on, sub_off, red_card, yellow_card, assist, goal) values (30, 36, 'LWB', NULL, NULL, false, 0, 0, 0);
insert into player_stats (game_id, player_id, position, sub_on, sub_off, red_card, yellow_card, assist, goal) values (30, 37, 'CB', NULL, NULL, false, 0, 0, 0);
insert into player_stats (game_id, player_id, position, sub_on, sub_off, red_card, yellow_card, assist, goal) values (30, 35, 'LWB', NULL, NULL, false, 0, 0, 0);
insert into player_stats (game_id, player_id, position, sub_on, sub_off, red_card, yellow_card, assist, goal) values (30, 38, 'RWB', NULL, NULL, false, 0, 0, 0);
insert into player_stats (game_id, player_id, position, sub_on, sub_off, red_card, yellow_card, assist, goal) values (30, 41, 'LM', NULL, NULL, false, 0, 0, 0);
insert into player_stats (game_id, player_id, position, sub_on, sub_off, red_card, yellow_card, assist, goal) values (30, 39, 'RM', NULL, NULL, false, 0, 0, 0);
insert into player_stats (game_id, player_id, position, sub_on, sub_off, red_card, yellow_card, assist, goal) values (30, 42, 'CM', NULL, NULL, false, 0, 0, 0);
insert into player_stats (game_id, player_id, position, sub_on, sub_off, red_card, yellow_card, assist, goal) values (30, 40, 'RM', NULL, NULL, false, 0, 0, 0);
insert into player_stats (game_id, player_id, position, sub_on, sub_off, red_card, yellow_card, assist, goal) values (30, 43, 'ST', NULL, NULL, false, 0, 0, 0);
insert into player_stats (game_id, player_id, position, sub_on, sub_off, red_card, yellow_card, assist, goal) values (30, 44, 'LW', NULL, NULL, false, 0, 1, 0);
insert into player_stats (game_id, player_id, position, sub_on, sub_off, red_card, yellow_card, assist, goal) values (30, 199, 'GK', NULL, NULL, false, 0, 0, 0);
insert into player_stats (game_id, player_id, position, sub_on, sub_off, red_card, yellow_card, assist, goal) values (30, 200, 'CB', NULL, NULL, false, 0, 0, 0);
insert into player_stats (game_id, player_id, position, sub_on, sub_off, red_card, yellow_card, assist, goal) values (30, 202, 'LWB', NULL, NULL, false, 0, 0, 0);
insert into player_stats (game_id, player_id, position, sub_on, sub_off, red_card, yellow_card, assist, goal) values (30, 201, 'RWB', NULL, NULL, false, 0, 0, 0);
insert into player_stats (game_id, player_id, position, sub_on, sub_off, red_card, yellow_card, assist, goal) values (30, 203, 'CB', NULL, NULL, false, 0, 0, 0);
insert into player_stats (game_id, player_id, position, sub_on, sub_off, red_card, yellow_card, assist, goal) values (30, 206, 'LM', NULL, NULL, false, 0, 0, 0);
insert into player_stats (game_id, player_id, position, sub_on, sub_off, red_card, yellow_card, assist, goal) values (30, 207, 'RM', NULL, NULL, false, 0, 0, 0);
insert into player_stats (game_id, player_id, position, sub_on, sub_off, red_card, yellow_card, assist, goal) values (30, 205, 'CDM', NULL, NULL, false, 0, 0, 0);
insert into player_stats (game_id, player_id, position, sub_on, sub_off, red_card, yellow_card, assist, goal) values (30, 204, 'CM', NULL, NULL, false, 0, 0, 0);
insert into player_stats (game_id, player_id, position, sub_on, sub_off, red_card, yellow_card, assist, goal) values (30, 209, 'RW', NULL, NULL, false, 0, 0, 0);
insert into player_stats (game_id, player_id, position, sub_on, sub_off, red_card, yellow_card, assist, goal) values (30, 208, 'CF', NULL, NULL, false, 1, 0, 1);
insert into player_stats (game_id, player_id, position, sub_on, sub_off, red_card, yellow_card, assist, goal) values (31, 34, 'GK', NULL, NULL, false, 0, 0, 0);
insert into player_stats (game_id, player_id, position, sub_on, sub_off, red_card, yellow_card, assist, goal) values (31, 35, 'LB', NULL, NULL, false, 0, 0, 0);
insert into player_stats (game_id, player_id, position, sub_on, sub_off, red_card, yellow_card, assist, goal) values (31, 37, 'CB', 54, 74, false, 0, 1, 0);
insert into player_stats (game_id, player_id, position, sub_on, sub_off, red_card, yellow_card, assist, goal) values (31, 36, 'LWB', 66, NULL, false, 0, 0, 0);
insert into player_stats (game_id, player_id, position, sub_on, sub_off, red_card, yellow_card, assist, goal) values (31, 38, 'LB', 50, NULL, false, 0, 1, 0);
insert into player_stats (game_id, player_id, position, sub_on, sub_off, red_card, yellow_card, assist, goal) values (31, 40, 'CAM', NULL, NULL, false, 0, 0, 0);
insert into player_stats (game_id, player_id, position, sub_on, sub_off, red_card, yellow_card, assist, goal) values (31, 39, 'CDM', NULL, NULL, false, 0, 0, 0);
insert into player_stats (game_id, player_id, position, sub_on, sub_off, red_card, yellow_card, assist, goal) values (31, 42, 'CDM', NULL, NULL, false, 1, 0, 0);
insert into player_stats (game_id, player_id, position, sub_on, sub_off, red_card, yellow_card, assist, goal) values (31, 41, 'CAM', NULL, NULL, false, 0, 0, 0);
insert into player_stats (game_id, player_id, position, sub_on, sub_off, red_card, yellow_card, assist, goal) values (31, 43, 'ST', NULL, NULL, false, 0, 0, 1);
insert into player_stats (game_id, player_id, position, sub_on, sub_off, red_card, yellow_card, assist, goal) values (31, 44, 'CF', NULL, NULL, false, 0, 1, 0);
insert into player_stats (game_id, player_id, position, sub_on, sub_off, red_card, yellow_card, assist, goal) values (31, 89, 'GK', NULL, NULL, false, 0, 0, 0);
insert into player_stats (game_id, player_id, position, sub_on, sub_off, red_card, yellow_card, assist, goal) values (31, 92, 'CB', NULL, NULL, false, 1, 0, 0);
insert into player_stats (game_id, player_id, position, sub_on, sub_off, red_card, yellow_card, assist, goal) values (31, 93, 'CB', NULL, NULL, false, 1, 0, 0);
insert into player_stats (game_id, player_id, position, sub_on, sub_off, red_card, yellow_card, assist, goal) values (31, 91, 'RB', NULL, NULL, false, 0, 0, 0);
insert into player_stats (game_id, player_id, position, sub_on, sub_off, red_card, yellow_card, assist, goal) values (31, 90, 'CB', NULL, NULL, false, 0, 0, 0);
insert into player_stats (game_id, player_id, position, sub_on, sub_off, red_card, yellow_card, assist, goal) values (31, 95, 'CAM', NULL, NULL, false, 0, 0, 0);
insert into player_stats (game_id, player_id, position, sub_on, sub_off, red_card, yellow_card, assist, goal) values (31, 94, 'CM', NULL, NULL, false, 0, 0, 0);
insert into player_stats (game_id, player_id, position, sub_on, sub_off, red_card, yellow_card, assist, goal) values (31, 97, 'CDM', NULL, NULL, false, 0, 0, 1);
insert into player_stats (game_id, player_id, position, sub_on, sub_off, red_card, yellow_card, assist, goal) values (31, 96, 'CM', NULL, NULL, false, 0, 0, 1);
insert into player_stats (game_id, player_id, position, sub_on, sub_off, red_card, yellow_card, assist, goal) values (31, 98, 'CF', NULL, NULL, false, 1, 0, 1);
insert into player_stats (game_id, player_id, position, sub_on, sub_off, red_card, yellow_card, assist, goal) values (31, 99, 'RW', NULL, NULL, false, 0, 0, 0);
insert into player_stats (game_id, player_id, position, sub_on, sub_off, red_card, yellow_card, assist, goal) values (32, 177, 'GK', NULL, NULL, false, 0, 0, 0);
insert into player_stats (game_id, player_id, position, sub_on, sub_off, red_card, yellow_card, assist, goal) values (32, 179, 'CB', 69, NULL, false, 0, 0, 0);
insert into player_stats (game_id, player_id, position, sub_on, sub_off, red_card, yellow_card, assist, goal) values (32, 181, 'RWB', NULL, NULL, false, 0, 0, 0);
insert into player_stats (game_id, player_id, position, sub_on, sub_off, red_card, yellow_card, assist, goal) values (32, 180, 'LB', NULL, NULL, false, 0, 0, 0);
insert into player_stats (game_id, player_id, position, sub_on, sub_off, red_card, yellow_card, assist, goal) values (32, 178, 'LWB', NULL, NULL, false, 0, 0, 0);
insert into player_stats (game_id, player_id, position, sub_on, sub_off, red_card, yellow_card, assist, goal) values (32, 183, 'RM', NULL, NULL, false, 0, 0, 0);
insert into player_stats (game_id, player_id, position, sub_on, sub_off, red_card, yellow_card, assist, goal) values (32, 182, 'CAM', 54, NULL, false, 0, 0, 0);
insert into player_stats (game_id, player_id, position, sub_on, sub_off, red_card, yellow_card, assist, goal) values (32, 185, 'CAM', NULL, NULL, false, 1, 0, 0);
insert into player_stats (game_id, player_id, position, sub_on, sub_off, red_card, yellow_card, assist, goal) values (32, 184, 'RM', NULL, NULL, false, 0, 0, 0);
insert into player_stats (game_id, player_id, position, sub_on, sub_off, red_card, yellow_card, assist, goal) values (32, 187, 'LW', NULL, NULL, false, 1, 0, 0);
insert into player_stats (game_id, player_id, position, sub_on, sub_off, red_card, yellow_card, assist, goal) values (32, 186, 'LW', 12, NULL, false, 0, 0, 1);
insert into player_stats (game_id, player_id, position, sub_on, sub_off, red_card, yellow_card, assist, goal) values (32, 166, 'GK', NULL, NULL, false, 0, 0, 0);
insert into player_stats (game_id, player_id, position, sub_on, sub_off, red_card, yellow_card, assist, goal) values (32, 169, 'LB', NULL, NULL, false, 0, 0, 0);
insert into player_stats (game_id, player_id, position, sub_on, sub_off, red_card, yellow_card, assist, goal) values (32, 170, 'LB', NULL, NULL, false, 0, 1, 0);
insert into player_stats (game_id, player_id, position, sub_on, sub_off, red_card, yellow_card, assist, goal) values (32, 167, 'RWB', NULL, NULL, false, 0, 0, 0);
insert into player_stats (game_id, player_id, position, sub_on, sub_off, red_card, yellow_card, assist, goal) values (32, 168, 'RB', NULL, NULL, false, 1, 0, 0);
insert into player_stats (game_id, player_id, position, sub_on, sub_off, red_card, yellow_card, assist, goal) values (32, 172, 'CDM', NULL, NULL, false, 0, 1, 0);
insert into player_stats (game_id, player_id, position, sub_on, sub_off, red_card, yellow_card, assist, goal) values (32, 171, 'LM', NULL, NULL, false, 0, 0, 1);
insert into player_stats (game_id, player_id, position, sub_on, sub_off, red_card, yellow_card, assist, goal) values (32, 173, 'CAM', NULL, NULL, false, 0, 0, 0);
insert into player_stats (game_id, player_id, position, sub_on, sub_off, red_card, yellow_card, assist, goal) values (32, 174, 'RM', NULL, NULL, false, 0, 0, 1);
insert into player_stats (game_id, player_id, position, sub_on, sub_off, red_card, yellow_card, assist, goal) values (32, 176, 'ST', NULL, NULL, false, 0, 0, 0);
insert into player_stats (game_id, player_id, position, sub_on, sub_off, red_card, yellow_card, assist, goal) values (32, 175, 'RW', NULL, NULL, false, 0, 0, 0);
insert into player_stats (game_id, player_id, position, sub_on, sub_off, red_card, yellow_card, assist, goal) values (33, 78, 'GK', NULL, NULL, false, 0, 0, 0);
insert into player_stats (game_id, player_id, position, sub_on, sub_off, red_card, yellow_card, assist, goal) values (33, 79, 'RWB', NULL, NULL, false, 0, 0, 0);
insert into player_stats (game_id, player_id, position, sub_on, sub_off, red_card, yellow_card, assist, goal) values (33, 81, 'RB', NULL, NULL, false, 0, 0, 0);
insert into player_stats (game_id, player_id, position, sub_on, sub_off, red_card, yellow_card, assist, goal) values (33, 80, 'CB', NULL, NULL, false, 0, 0, 0);
insert into player_stats (game_id, player_id, position, sub_on, sub_off, red_card, yellow_card, assist, goal) values (33, 82, 'RB', NULL, NULL, false, 0, 0, 0);
insert into player_stats (game_id, player_id, position, sub_on, sub_off, red_card, yellow_card, assist, goal) values (33, 83, 'CAM', NULL, NULL, false, 0, 0, 0);
insert into player_stats (game_id, player_id, position, sub_on, sub_off, red_card, yellow_card, assist, goal) values (33, 85, 'CAM', NULL, NULL, false, 0, 0, 0);
insert into player_stats (game_id, player_id, position, sub_on, sub_off, red_card, yellow_card, assist, goal) values (33, 86, 'CM', NULL, NULL, false, 0, 0, 0);
insert into player_stats (game_id, player_id, position, sub_on, sub_off, red_card, yellow_card, assist, goal) values (33, 84, 'RM', NULL, NULL, false, 0, 1, 0);
insert into player_stats (game_id, player_id, position, sub_on, sub_off, red_card, yellow_card, assist, goal) values (33, 88, 'CF', NULL, NULL, false, 0, 0, 0);
insert into player_stats (game_id, player_id, position, sub_on, sub_off, red_card, yellow_card, assist, goal) values (33, 87, 'RW', NULL, NULL, false, 0, 0, 1);
insert into player_stats (game_id, player_id, position, sub_on, sub_off, red_card, yellow_card, assist, goal) values (33, 199, 'GK', NULL, NULL, false, 0, 1, 0);
insert into player_stats (game_id, player_id, position, sub_on, sub_off, red_card, yellow_card, assist, goal) values (33, 202, 'CB', NULL, NULL, false, 0, 0, 0);
insert into player_stats (game_id, player_id, position, sub_on, sub_off, red_card, yellow_card, assist, goal) values (33, 201, 'CB', NULL, NULL, false, 0, 0, 0);
insert into player_stats (game_id, player_id, position, sub_on, sub_off, red_card, yellow_card, assist, goal) values (33, 200, 'LB', 70, NULL, false, 0, 0, 0);
insert into player_stats (game_id, player_id, position, sub_on, sub_off, red_card, yellow_card, assist, goal) values (33, 203, 'CB', NULL, NULL, false, 0, 0, 0);
insert into player_stats (game_id, player_id, position, sub_on, sub_off, red_card, yellow_card, assist, goal) values (33, 205, 'LM', NULL, NULL, false, 0, 0, 0);
insert into player_stats (game_id, player_id, position, sub_on, sub_off, red_card, yellow_card, assist, goal) values (33, 204, 'RM', NULL, NULL, false, 0, 0, 0);
insert into player_stats (game_id, player_id, position, sub_on, sub_off, red_card, yellow_card, assist, goal) values (33, 207, 'CDM', NULL, NULL, false, 0, 0, 0);
insert into player_stats (game_id, player_id, position, sub_on, sub_off, red_card, yellow_card, assist, goal) values (33, 206, 'CM', NULL, NULL, false, 0, 0, 0);
insert into player_stats (game_id, player_id, position, sub_on, sub_off, red_card, yellow_card, assist, goal) values (33, 209, 'ST', NULL, NULL, false, 0, 1, 0);
insert into player_stats (game_id, player_id, position, sub_on, sub_off, red_card, yellow_card, assist, goal) values (33, 208, 'ST', NULL, NULL, false, 0, 0, 3);
insert into player_stats (game_id, player_id, position, sub_on, sub_off, red_card, yellow_card, assist, goal) values (34, 1, 'GK', NULL, NULL, false, 0, 0, 0);
insert into player_stats (game_id, player_id, position, sub_on, sub_off, red_card, yellow_card, assist, goal) values (34, 5, 'RWB', 68, NULL, false, 0, 0, 0);
insert into player_stats (game_id, player_id, position, sub_on, sub_off, red_card, yellow_card, assist, goal) values (34, 2, 'LWB', NULL, NULL, false, 0, 0, 0);
insert into player_stats (game_id, player_id, position, sub_on, sub_off, red_card, yellow_card, assist, goal) values (34, 4, 'RB', NULL, NULL, false, 0, 0, 0);
insert into player_stats (game_id, player_id, position, sub_on, sub_off, red_card, yellow_card, assist, goal) values (34, 3, 'CB', NULL, NULL, false, 0, 0, 0);
insert into player_stats (game_id, player_id, position, sub_on, sub_off, red_card, yellow_card, assist, goal) values (34, 6, 'RM', NULL, NULL, false, 0, 0, 1);
insert into player_stats (game_id, player_id, position, sub_on, sub_off, red_card, yellow_card, assist, goal) values (34, 9, 'CAM', NULL, NULL, false, 0, 1, 0);
insert into player_stats (game_id, player_id, position, sub_on, sub_off, red_card, yellow_card, assist, goal) values (34, 8, 'LM', NULL, NULL, false, 0, 0, 0);
insert into player_stats (game_id, player_id, position, sub_on, sub_off, red_card, yellow_card, assist, goal) values (34, 7, 'LM', NULL, NULL, false, 0, 0, 0);
insert into player_stats (game_id, player_id, position, sub_on, sub_off, red_card, yellow_card, assist, goal) values (34, 10, 'RW', NULL, NULL, false, 0, 0, 1);
insert into player_stats (game_id, player_id, position, sub_on, sub_off, red_card, yellow_card, assist, goal) values (34, 11, 'ST', NULL, NULL, false, 0, 0, 0);
insert into player_stats (game_id, player_id, position, sub_on, sub_off, red_card, yellow_card, assist, goal) values (34, 67, 'GK', NULL, NULL, false, 0, 0, 0);
insert into player_stats (game_id, player_id, position, sub_on, sub_off, red_card, yellow_card, assist, goal) values (34, 70, 'LWB', NULL, NULL, false, 0, 0, 0);
insert into player_stats (game_id, player_id, position, sub_on, sub_off, red_card, yellow_card, assist, goal) values (34, 71, 'LWB', NULL, NULL, false, 1, 0, 0);
insert into player_stats (game_id, player_id, position, sub_on, sub_off, red_card, yellow_card, assist, goal) values (34, 69, 'CB', NULL, NULL, false, 0, 0, 0);
insert into player_stats (game_id, player_id, position, sub_on, sub_off, red_card, yellow_card, assist, goal) values (34, 68, 'CB', NULL, NULL, false, 0, 0, 0);
insert into player_stats (game_id, player_id, position, sub_on, sub_off, red_card, yellow_card, assist, goal) values (34, 74, 'CAM', 80, NULL, false, 0, 0, 0);
insert into player_stats (game_id, player_id, position, sub_on, sub_off, red_card, yellow_card, assist, goal) values (34, 75, 'CM', NULL, NULL, false, 0, 0, 0);
insert into player_stats (game_id, player_id, position, sub_on, sub_off, red_card, yellow_card, assist, goal) values (34, 72, 'RM', NULL, NULL, false, 0, 0, 0);
insert into player_stats (game_id, player_id, position, sub_on, sub_off, red_card, yellow_card, assist, goal) values (34, 73, 'CDM', NULL, NULL, false, 0, 0, 0);
insert into player_stats (game_id, player_id, position, sub_on, sub_off, red_card, yellow_card, assist, goal) values (34, 76, 'ST', NULL, NULL, false, 0, 0, 0);
insert into player_stats (game_id, player_id, position, sub_on, sub_off, red_card, yellow_card, assist, goal) values (34, 77, 'CF', NULL, NULL, false, 0, 0, 0);
insert into player_stats (game_id, player_id, position, sub_on, sub_off, red_card, yellow_card, assist, goal) values (35, 1, 'GK', 28, NULL, false, 1, 0, 0);
insert into player_stats (game_id, player_id, position, sub_on, sub_off, red_card, yellow_card, assist, goal) values (35, 3, 'LB', NULL, NULL, false, 0, 0, 0);
insert into player_stats (game_id, player_id, position, sub_on, sub_off, red_card, yellow_card, assist, goal) values (35, 4, 'CB', NULL, NULL, false, 1, 0, 0);
insert into player_stats (game_id, player_id, position, sub_on, sub_off, red_card, yellow_card, assist, goal) values (35, 2, 'LWB', NULL, NULL, false, 0, 0, 0);
insert into player_stats (game_id, player_id, position, sub_on, sub_off, red_card, yellow_card, assist, goal) values (35, 5, 'CB', NULL, NULL, false, 0, 0, 0);
insert into player_stats (game_id, player_id, position, sub_on, sub_off, red_card, yellow_card, assist, goal) values (35, 6, 'CDM', NULL, NULL, false, 0, 0, 0);
insert into player_stats (game_id, player_id, position, sub_on, sub_off, red_card, yellow_card, assist, goal) values (35, 8, 'RM', NULL, NULL, false, 0, 0, 0);
insert into player_stats (game_id, player_id, position, sub_on, sub_off, red_card, yellow_card, assist, goal) values (35, 7, 'LM', 43, NULL, false, 0, 0, 1);
insert into player_stats (game_id, player_id, position, sub_on, sub_off, red_card, yellow_card, assist, goal) values (35, 9, 'CDM', NULL, NULL, false, 0, 0, 0);
insert into player_stats (game_id, player_id, position, sub_on, sub_off, red_card, yellow_card, assist, goal) values (35, 11, 'CF', NULL, NULL, false, 0, 0, 0);
insert into player_stats (game_id, player_id, position, sub_on, sub_off, red_card, yellow_card, assist, goal) values (35, 10, 'ST', NULL, NULL, false, 0, 0, 1);
insert into player_stats (game_id, player_id, position, sub_on, sub_off, red_card, yellow_card, assist, goal) values (35, 210, 'GK', NULL, NULL, false, 0, 0, 0);
insert into player_stats (game_id, player_id, position, sub_on, sub_off, red_card, yellow_card, assist, goal) values (35, 213, 'RWB', NULL, NULL, false, 0, 0, 0);
insert into player_stats (game_id, player_id, position, sub_on, sub_off, red_card, yellow_card, assist, goal) values (35, 214, 'CB', NULL, NULL, false, 0, 0, 0);
insert into player_stats (game_id, player_id, position, sub_on, sub_off, red_card, yellow_card, assist, goal) values (35, 212, 'LWB', NULL, NULL, false, 0, 0, 0);
insert into player_stats (game_id, player_id, position, sub_on, sub_off, red_card, yellow_card, assist, goal) values (35, 211, 'LB', NULL, NULL, false, 0, 0, 0);
insert into player_stats (game_id, player_id, position, sub_on, sub_off, red_card, yellow_card, assist, goal) values (35, 215, 'LM', NULL, NULL, false, 0, 0, 0);
insert into player_stats (game_id, player_id, position, sub_on, sub_off, red_card, yellow_card, assist, goal) values (35, 217, 'CDM', NULL, NULL, false, 0, 0, 0);
insert into player_stats (game_id, player_id, position, sub_on, sub_off, red_card, yellow_card, assist, goal) values (35, 218, 'CM', NULL, NULL, false, 0, 0, 0);
insert into player_stats (game_id, player_id, position, sub_on, sub_off, red_card, yellow_card, assist, goal) values (35, 216, 'CDM', NULL, NULL, false, 0, 0, 0);
insert into player_stats (game_id, player_id, position, sub_on, sub_off, red_card, yellow_card, assist, goal) values (35, 219, 'LW', NULL, NULL, false, 1, 0, 0);
insert into player_stats (game_id, player_id, position, sub_on, sub_off, red_card, yellow_card, assist, goal) values (35, 220, 'LW', NULL, NULL, false, 0, 0, 0);
insert into player_stats (game_id, player_id, position, sub_on, sub_off, red_card, yellow_card, assist, goal) values (36, 155, 'GK', NULL, NULL, false, 0, 0, 0);
insert into player_stats (game_id, player_id, position, sub_on, sub_off, red_card, yellow_card, assist, goal) values (36, 156, 'RWB', NULL, NULL, false, 0, 0, 0);
insert into player_stats (game_id, player_id, position, sub_on, sub_off, red_card, yellow_card, assist, goal) values (36, 159, 'LB', NULL, NULL, false, 0, 0, 0);
insert into player_stats (game_id, player_id, position, sub_on, sub_off, red_card, yellow_card, assist, goal) values (36, 158, 'RWB', NULL, NULL, false, 0, 0, 0);
insert into player_stats (game_id, player_id, position, sub_on, sub_off, red_card, yellow_card, assist, goal) values (36, 157, 'CB', NULL, NULL, false, 0, 0, 0);
insert into player_stats (game_id, player_id, position, sub_on, sub_off, red_card, yellow_card, assist, goal) values (36, 163, 'CDM', NULL, NULL, false, 0, 0, 1);
insert into player_stats (game_id, player_id, position, sub_on, sub_off, red_card, yellow_card, assist, goal) values (36, 162, 'CDM', NULL, NULL, false, 1, 0, 1);
insert into player_stats (game_id, player_id, position, sub_on, sub_off, red_card, yellow_card, assist, goal) values (36, 161, 'LM', NULL, NULL, false, 0, 0, 0);
insert into player_stats (game_id, player_id, position, sub_on, sub_off, red_card, yellow_card, assist, goal) values (36, 160, 'RM', 29, 33, false, 0, 0, 0);
insert into player_stats (game_id, player_id, position, sub_on, sub_off, red_card, yellow_card, assist, goal) values (36, 164, 'LW', 25, NULL, false, 0, 0, 0);
insert into player_stats (game_id, player_id, position, sub_on, sub_off, red_card, yellow_card, assist, goal) values (36, 165, 'LW', NULL, NULL, false, 0, 0, 0);
insert into player_stats (game_id, player_id, position, sub_on, sub_off, red_card, yellow_card, assist, goal) values (36, 144, 'GK', NULL, NULL, false, 0, 0, 0);
insert into player_stats (game_id, player_id, position, sub_on, sub_off, red_card, yellow_card, assist, goal) values (36, 147, 'RB', NULL, NULL, false, 0, 0, 0);
insert into player_stats (game_id, player_id, position, sub_on, sub_off, red_card, yellow_card, assist, goal) values (36, 148, 'CB', NULL, NULL, false, 0, 0, 0);
insert into player_stats (game_id, player_id, position, sub_on, sub_off, red_card, yellow_card, assist, goal) values (36, 145, 'LWB', NULL, NULL, false, 0, 0, 0);
insert into player_stats (game_id, player_id, position, sub_on, sub_off, red_card, yellow_card, assist, goal) values (36, 146, 'CB', NULL, NULL, false, 0, 0, 0);
insert into player_stats (game_id, player_id, position, sub_on, sub_off, red_card, yellow_card, assist, goal) values (36, 149, 'LM', NULL, NULL, false, 1, 0, 0);
insert into player_stats (game_id, player_id, position, sub_on, sub_off, red_card, yellow_card, assist, goal) values (36, 150, 'LM', NULL, NULL, false, 1, 1, 0);
insert into player_stats (game_id, player_id, position, sub_on, sub_off, red_card, yellow_card, assist, goal) values (36, 152, 'CAM', NULL, NULL, false, 0, 0, 0);
insert into player_stats (game_id, player_id, position, sub_on, sub_off, red_card, yellow_card, assist, goal) values (36, 151, 'LM', NULL, NULL, false, 0, 0, 0);
insert into player_stats (game_id, player_id, position, sub_on, sub_off, red_card, yellow_card, assist, goal) values (36, 153, 'RW', NULL, NULL, false, 0, 0, 0);
insert into player_stats (game_id, player_id, position, sub_on, sub_off, red_card, yellow_card, assist, goal) values (36, 154, 'CF', NULL, NULL, false, 1, 0, 1);
insert into player_stats (game_id, player_id, position, sub_on, sub_off, red_card, yellow_card, assist, goal) values (37, 23, 'GK', NULL, NULL, false, 0, 1, 0);
insert into player_stats (game_id, player_id, position, sub_on, sub_off, red_card, yellow_card, assist, goal) values (37, 27, 'RB', NULL, NULL, false, 0, 1, 0);
insert into player_stats (game_id, player_id, position, sub_on, sub_off, red_card, yellow_card, assist, goal) values (37, 25, 'CB', NULL, NULL, false, 0, 1, 0);
insert into player_stats (game_id, player_id, position, sub_on, sub_off, red_card, yellow_card, assist, goal) values (37, 26, 'LWB', NULL, NULL, false, 0, 0, 0);
insert into player_stats (game_id, player_id, position, sub_on, sub_off, red_card, yellow_card, assist, goal) values (37, 24, 'CB', NULL, NULL, false, 0, 0, 0);
insert into player_stats (game_id, player_id, position, sub_on, sub_off, red_card, yellow_card, assist, goal) values (37, 30, 'CAM', 19, NULL, false, 0, 0, 1);
insert into player_stats (game_id, player_id, position, sub_on, sub_off, red_card, yellow_card, assist, goal) values (37, 28, 'LM', NULL, NULL, false, 0, 0, 2);
insert into player_stats (game_id, player_id, position, sub_on, sub_off, red_card, yellow_card, assist, goal) values (37, 31, 'CDM', NULL, NULL, false, 0, 1, 0);
insert into player_stats (game_id, player_id, position, sub_on, sub_off, red_card, yellow_card, assist, goal) values (37, 29, 'RM', NULL, NULL, false, 0, 0, 0);
insert into player_stats (game_id, player_id, position, sub_on, sub_off, red_card, yellow_card, assist, goal) values (37, 32, 'RW', NULL, NULL, false, 0, 0, 1);
insert into player_stats (game_id, player_id, position, sub_on, sub_off, red_card, yellow_card, assist, goal) values (37, 33, 'LW', NULL, NULL, false, 0, 2, 0);
insert into player_stats (game_id, player_id, position, sub_on, sub_off, red_card, yellow_card, assist, goal) values (37, 45, 'GK', NULL, NULL, false, 0, 0, 0);
insert into player_stats (game_id, player_id, position, sub_on, sub_off, red_card, yellow_card, assist, goal) values (37, 47, 'CB', NULL, NULL, false, 0, 0, 0);
insert into player_stats (game_id, player_id, position, sub_on, sub_off, red_card, yellow_card, assist, goal) values (37, 48, 'RWB', NULL, NULL, false, 0, 1, 0);
insert into player_stats (game_id, player_id, position, sub_on, sub_off, red_card, yellow_card, assist, goal) values (37, 46, 'RB', NULL, NULL, false, 0, 0, 0);
insert into player_stats (game_id, player_id, position, sub_on, sub_off, red_card, yellow_card, assist, goal) values (37, 49, 'LWB', NULL, NULL, false, 0, 1, 0);
insert into player_stats (game_id, player_id, position, sub_on, sub_off, red_card, yellow_card, assist, goal) values (37, 52, 'LM', NULL, NULL, false, 0, 0, 0);
insert into player_stats (game_id, player_id, position, sub_on, sub_off, red_card, yellow_card, assist, goal) values (37, 53, 'CM', NULL, NULL, false, 0, 1, 0);
insert into player_stats (game_id, player_id, position, sub_on, sub_off, red_card, yellow_card, assist, goal) values (37, 51, 'CDM', NULL, NULL, false, 0, 0, 2);
insert into player_stats (game_id, player_id, position, sub_on, sub_off, red_card, yellow_card, assist, goal) values (37, 50, 'CAM', NULL, NULL, false, 0, 1, 0);
insert into player_stats (game_id, player_id, position, sub_on, sub_off, red_card, yellow_card, assist, goal) values (37, 55, 'LW', NULL, NULL, false, 0, 0, 2);
insert into player_stats (game_id, player_id, position, sub_on, sub_off, red_card, yellow_card, assist, goal) values (37, 54, 'RW', NULL, NULL, false, 0, 0, 2);
insert into player_stats (game_id, player_id, position, sub_on, sub_off, red_card, yellow_card, assist, goal) values (38, 155, 'GK', NULL, NULL, false, 0, 1, 0);
insert into player_stats (game_id, player_id, position, sub_on, sub_off, red_card, yellow_card, assist, goal) values (38, 158, 'LWB', NULL, NULL, false, 0, 0, 0);
insert into player_stats (game_id, player_id, position, sub_on, sub_off, red_card, yellow_card, assist, goal) values (38, 157, 'LB', NULL, NULL, false, 0, 1, 0);
insert into player_stats (game_id, player_id, position, sub_on, sub_off, red_card, yellow_card, assist, goal) values (38, 156, 'RB', NULL, NULL, false, 0, 0, 0);
insert into player_stats (game_id, player_id, position, sub_on, sub_off, red_card, yellow_card, assist, goal) values (38, 159, 'RB', NULL, NULL, false, 0, 1, 0);
insert into player_stats (game_id, player_id, position, sub_on, sub_off, red_card, yellow_card, assist, goal) values (38, 162, 'CM', NULL, NULL, false, 0, 0, 2);
insert into player_stats (game_id, player_id, position, sub_on, sub_off, red_card, yellow_card, assist, goal) values (38, 160, 'RM', NULL, NULL, false, 0, 0, 0);
insert into player_stats (game_id, player_id, position, sub_on, sub_off, red_card, yellow_card, assist, goal) values (38, 163, 'CAM', NULL, NULL, false, 1, 0, 1);
insert into player_stats (game_id, player_id, position, sub_on, sub_off, red_card, yellow_card, assist, goal) values (38, 161, 'LM', NULL, NULL, false, 0, 0, 2);
insert into player_stats (game_id, player_id, position, sub_on, sub_off, red_card, yellow_card, assist, goal) values (38, 165, 'ST', NULL, NULL, false, 0, 0, 0);
insert into player_stats (game_id, player_id, position, sub_on, sub_off, red_card, yellow_card, assist, goal) values (38, 164, 'CF', NULL, NULL, false, 0, 0, 0);
insert into player_stats (game_id, player_id, position, sub_on, sub_off, red_card, yellow_card, assist, goal) values (38, 45, 'GK', NULL, NULL, false, 0, 0, 0);
insert into player_stats (game_id, player_id, position, sub_on, sub_off, red_card, yellow_card, assist, goal) values (38, 48, 'LWB', NULL, NULL, false, 0, 1, 0);
insert into player_stats (game_id, player_id, position, sub_on, sub_off, red_card, yellow_card, assist, goal) values (38, 49, 'LWB', 14, NULL, false, 0, 0, 0);
insert into player_stats (game_id, player_id, position, sub_on, sub_off, red_card, yellow_card, assist, goal) values (38, 47, 'LB', NULL, NULL, false, 0, 1, 0);
insert into player_stats (game_id, player_id, position, sub_on, sub_off, red_card, yellow_card, assist, goal) values (38, 46, 'RWB', NULL, NULL, false, 0, 1, 0);
insert into player_stats (game_id, player_id, position, sub_on, sub_off, red_card, yellow_card, assist, goal) values (38, 51, 'CM', NULL, NULL, false, 0, 0, 1);
insert into player_stats (game_id, player_id, position, sub_on, sub_off, red_card, yellow_card, assist, goal) values (38, 52, 'CM', NULL, NULL, false, 0, 0, 1);
insert into player_stats (game_id, player_id, position, sub_on, sub_off, red_card, yellow_card, assist, goal) values (38, 50, 'CDM', NULL, NULL, false, 0, 0, 0);
insert into player_stats (game_id, player_id, position, sub_on, sub_off, red_card, yellow_card, assist, goal) values (38, 53, 'LM', NULL, NULL, false, 1, 0, 0);
insert into player_stats (game_id, player_id, position, sub_on, sub_off, red_card, yellow_card, assist, goal) values (38, 55, 'CF', NULL, NULL, false, 1, 1, 0);
insert into player_stats (game_id, player_id, position, sub_on, sub_off, red_card, yellow_card, assist, goal) values (38, 54, 'ST', NULL, NULL, false, 1, 0, 1);
insert into player_stats (game_id, player_id, position, sub_on, sub_off, red_card, yellow_card, assist, goal) values (39, 1, 'GK', NULL, NULL, false, 0, 1, 0);
insert into player_stats (game_id, player_id, position, sub_on, sub_off, red_card, yellow_card, assist, goal) values (39, 5, 'RB', NULL, NULL, false, 0, 0, 0);
insert into player_stats (game_id, player_id, position, sub_on, sub_off, red_card, yellow_card, assist, goal) values (39, 3, 'CB', NULL, NULL, false, 0, 1, 0);
insert into player_stats (game_id, player_id, position, sub_on, sub_off, red_card, yellow_card, assist, goal) values (39, 4, 'RWB', NULL, NULL, false, 0, 0, 0);
insert into player_stats (game_id, player_id, position, sub_on, sub_off, red_card, yellow_card, assist, goal) values (39, 2, 'LWB', NULL, NULL, false, 0, 0, 0);
insert into player_stats (game_id, player_id, position, sub_on, sub_off, red_card, yellow_card, assist, goal) values (39, 9, 'CAM', NULL, NULL, false, 0, 0, 1);
insert into player_stats (game_id, player_id, position, sub_on, sub_off, red_card, yellow_card, assist, goal) values (39, 8, 'CAM', NULL, NULL, false, 0, 0, 1);
insert into player_stats (game_id, player_id, position, sub_on, sub_off, red_card, yellow_card, assist, goal) values (39, 6, 'CAM', NULL, NULL, false, 0, 1, 0);
insert into player_stats (game_id, player_id, position, sub_on, sub_off, red_card, yellow_card, assist, goal) values (39, 7, 'CM', NULL, NULL, false, 0, 0, 0);
insert into player_stats (game_id, player_id, position, sub_on, sub_off, red_card, yellow_card, assist, goal) values (39, 10, 'ST', NULL, NULL, false, 0, 0, 1);
insert into player_stats (game_id, player_id, position, sub_on, sub_off, red_card, yellow_card, assist, goal) values (39, 11, 'RW', NULL, NULL, false, 0, 1, 0);
insert into player_stats (game_id, player_id, position, sub_on, sub_off, red_card, yellow_card, assist, goal) values (39, 23, 'GK', NULL, NULL, false, 0, 0, 0);
insert into player_stats (game_id, player_id, position, sub_on, sub_off, red_card, yellow_card, assist, goal) values (39, 24, 'RWB', NULL, NULL, false, 0, 0, 0);
insert into player_stats (game_id, player_id, position, sub_on, sub_off, red_card, yellow_card, assist, goal) values (39, 27, 'CB', NULL, NULL, false, 0, 0, 0);
insert into player_stats (game_id, player_id, position, sub_on, sub_off, red_card, yellow_card, assist, goal) values (39, 26, 'CB', NULL, NULL, false, 0, 1, 0);
insert into player_stats (game_id, player_id, position, sub_on, sub_off, red_card, yellow_card, assist, goal) values (39, 25, 'CB', NULL, NULL, false, 0, 0, 0);
insert into player_stats (game_id, player_id, position, sub_on, sub_off, red_card, yellow_card, assist, goal) values (39, 31, 'CDM', NULL, NULL, false, 0, 0, 0);
insert into player_stats (game_id, player_id, position, sub_on, sub_off, red_card, yellow_card, assist, goal) values (39, 30, 'CAM', NULL, NULL, false, 0, 0, 0);
insert into player_stats (game_id, player_id, position, sub_on, sub_off, red_card, yellow_card, assist, goal) values (39, 28, 'CDM', NULL, NULL, false, 0, 0, 1);
insert into player_stats (game_id, player_id, position, sub_on, sub_off, red_card, yellow_card, assist, goal) values (39, 29, 'CDM', NULL, NULL, false, 0, 0, 0);
insert into player_stats (game_id, player_id, position, sub_on, sub_off, red_card, yellow_card, assist, goal) values (39, 33, 'CF', NULL, NULL, false, 0, 0, 1);
insert into player_stats (game_id, player_id, position, sub_on, sub_off, red_card, yellow_card, assist, goal) values (39, 32, 'CF', NULL, NULL, false, 0, 0, 1);
insert into player_stats (game_id, player_id, position, sub_on, sub_off, red_card, yellow_card, assist, goal) values (40, 188, 'GK', 42, 71, false, 0, 0, 0);
insert into player_stats (game_id, player_id, position, sub_on, sub_off, red_card, yellow_card, assist, goal) values (40, 191, 'RB', NULL, NULL, false, 0, 1, 0);
insert into player_stats (game_id, player_id, position, sub_on, sub_off, red_card, yellow_card, assist, goal) values (40, 189, 'RWB', NULL, NULL, false, 0, 0, 0);
insert into player_stats (game_id, player_id, position, sub_on, sub_off, red_card, yellow_card, assist, goal) values (40, 190, 'LB', NULL, NULL, false, 1, 0, 0);
insert into player_stats (game_id, player_id, position, sub_on, sub_off, red_card, yellow_card, assist, goal) values (40, 192, 'CB', NULL, NULL, false, 0, 1, 0);
insert into player_stats (game_id, player_id, position, sub_on, sub_off, red_card, yellow_card, assist, goal) values (40, 196, 'CAM', NULL, NULL, false, 0, 0, 1);
insert into player_stats (game_id, player_id, position, sub_on, sub_off, red_card, yellow_card, assist, goal) values (40, 195, 'CM', NULL, NULL, false, 0, 0, 0);
insert into player_stats (game_id, player_id, position, sub_on, sub_off, red_card, yellow_card, assist, goal) values (40, 194, 'LM', NULL, NULL, false, 1, 0, 0);
insert into player_stats (game_id, player_id, position, sub_on, sub_off, red_card, yellow_card, assist, goal) values (40, 193, 'CDM', NULL, NULL, false, 0, 0, 0);
insert into player_stats (game_id, player_id, position, sub_on, sub_off, red_card, yellow_card, assist, goal) values (40, 197, 'CF', NULL, NULL, false, 0, 0, 0);
insert into player_stats (game_id, player_id, position, sub_on, sub_off, red_card, yellow_card, assist, goal) values (40, 198, 'LW', NULL, NULL, false, 0, 0, 0);
insert into player_stats (game_id, player_id, position, sub_on, sub_off, red_card, yellow_card, assist, goal) values (40, 45, 'GK', NULL, NULL, false, 0, 0, 0);
insert into player_stats (game_id, player_id, position, sub_on, sub_off, red_card, yellow_card, assist, goal) values (40, 49, 'RB', NULL, NULL, false, 0, 0, 0);
insert into player_stats (game_id, player_id, position, sub_on, sub_off, red_card, yellow_card, assist, goal) values (40, 47, 'CB', 76, NULL, false, 0, 0, 0);
insert into player_stats (game_id, player_id, position, sub_on, sub_off, red_card, yellow_card, assist, goal) values (40, 48, 'RWB', NULL, NULL, false, 0, 0, 0);
insert into player_stats (game_id, player_id, position, sub_on, sub_off, red_card, yellow_card, assist, goal) values (40, 46, 'LB', NULL, NULL, false, 0, 0, 0);
insert into player_stats (game_id, player_id, position, sub_on, sub_off, red_card, yellow_card, assist, goal) values (40, 51, 'CM', NULL, NULL, false, 1, 1, 0);
insert into player_stats (game_id, player_id, position, sub_on, sub_off, red_card, yellow_card, assist, goal) values (40, 53, 'CM', 27, NULL, false, 1, 0, 0);
insert into player_stats (game_id, player_id, position, sub_on, sub_off, red_card, yellow_card, assist, goal) values (40, 50, 'CDM', NULL, NULL, false, 0, 0, 0);
insert into player_stats (game_id, player_id, position, sub_on, sub_off, red_card, yellow_card, assist, goal) values (40, 52, 'CAM', NULL, NULL, false, 0, 0, 1);
insert into player_stats (game_id, player_id, position, sub_on, sub_off, red_card, yellow_card, assist, goal) values (40, 55, 'CF', NULL, NULL, false, 0, 0, 0);
insert into player_stats (game_id, player_id, position, sub_on, sub_off, red_card, yellow_card, assist, goal) values (40, 54, 'ST', NULL, NULL, false, 0, 0, 1);
insert into player_stats (game_id, player_id, position, sub_on, sub_off, red_card, yellow_card, assist, goal) values (41, 45, 'GK', NULL, NULL, false, 1, 1, 0);
insert into player_stats (game_id, player_id, position, sub_on, sub_off, red_card, yellow_card, assist, goal) values (41, 49, 'LWB', NULL, NULL, false, 1, 2, 0);
insert into player_stats (game_id, player_id, position, sub_on, sub_off, red_card, yellow_card, assist, goal) values (41, 48, 'CB', NULL, NULL, false, 0, 0, 0);
insert into player_stats (game_id, player_id, position, sub_on, sub_off, red_card, yellow_card, assist, goal) values (41, 47, 'LB', NULL, NULL, false, 0, 1, 0);
insert into player_stats (game_id, player_id, position, sub_on, sub_off, red_card, yellow_card, assist, goal) values (41, 46, 'CB', NULL, NULL, false, 0, 0, 0);
insert into player_stats (game_id, player_id, position, sub_on, sub_off, red_card, yellow_card, assist, goal) values (41, 52, 'CM', NULL, NULL, false, 0, 0, 1);
insert into player_stats (game_id, player_id, position, sub_on, sub_off, red_card, yellow_card, assist, goal) values (41, 53, 'CM', NULL, NULL, false, 0, 1, 0);
insert into player_stats (game_id, player_id, position, sub_on, sub_off, red_card, yellow_card, assist, goal) values (41, 51, 'CAM', NULL, NULL, false, 0, 0, 0);
insert into player_stats (game_id, player_id, position, sub_on, sub_off, red_card, yellow_card, assist, goal) values (41, 50, 'CDM', 59, NULL, false, 0, 0, 2);
insert into player_stats (game_id, player_id, position, sub_on, sub_off, red_card, yellow_card, assist, goal) values (41, 54, 'LW', NULL, NULL, false, 0, 0, 1);
insert into player_stats (game_id, player_id, position, sub_on, sub_off, red_card, yellow_card, assist, goal) values (41, 55, 'ST', NULL, NULL, false, 0, 0, 1);
insert into player_stats (game_id, player_id, position, sub_on, sub_off, red_card, yellow_card, assist, goal) values (41, 188, 'GK', NULL, NULL, false, 0, 0, 0);
insert into player_stats (game_id, player_id, position, sub_on, sub_off, red_card, yellow_card, assist, goal) values (41, 191, 'LB', NULL, NULL, false, 1, 0, 0);
insert into player_stats (game_id, player_id, position, sub_on, sub_off, red_card, yellow_card, assist, goal) values (41, 192, 'LWB', NULL, NULL, false, 0, 1, 0);
insert into player_stats (game_id, player_id, position, sub_on, sub_off, red_card, yellow_card, assist, goal) values (41, 189, 'CB', NULL, NULL, false, 0, 0, 0);
insert into player_stats (game_id, player_id, position, sub_on, sub_off, red_card, yellow_card, assist, goal) values (41, 190, 'LB', NULL, NULL, false, 0, 1, 0);
insert into player_stats (game_id, player_id, position, sub_on, sub_off, red_card, yellow_card, assist, goal) values (41, 193, 'CM', NULL, NULL, false, 0, 0, 0);
insert into player_stats (game_id, player_id, position, sub_on, sub_off, red_card, yellow_card, assist, goal) values (41, 196, 'RM', NULL, NULL, false, 0, 0, 1);
insert into player_stats (game_id, player_id, position, sub_on, sub_off, red_card, yellow_card, assist, goal) values (41, 194, 'CAM', NULL, NULL, false, 0, 0, 1);
insert into player_stats (game_id, player_id, position, sub_on, sub_off, red_card, yellow_card, assist, goal) values (41, 195, 'CM', NULL, NULL, false, 0, 0, 0);
insert into player_stats (game_id, player_id, position, sub_on, sub_off, red_card, yellow_card, assist, goal) values (41, 198, 'ST', NULL, NULL, false, 0, 0, 1);
insert into player_stats (game_id, player_id, position, sub_on, sub_off, red_card, yellow_card, assist, goal) values (41, 197, 'CF', NULL, NULL, false, 0, 0, 0);
insert into player_stats (game_id, player_id, position, sub_on, sub_off, red_card, yellow_card, assist, goal) values (42, 188, 'GK', 27, NULL, false, 0, 0, 0);
insert into player_stats (game_id, player_id, position, sub_on, sub_off, red_card, yellow_card, assist, goal) values (42, 191, 'RB', NULL, NULL, false, 0, 0, 0);
insert into player_stats (game_id, player_id, position, sub_on, sub_off, red_card, yellow_card, assist, goal) values (42, 189, 'RB', NULL, NULL, false, 0, 1, 0);
insert into player_stats (game_id, player_id, position, sub_on, sub_off, red_card, yellow_card, assist, goal) values (42, 190, 'LB', NULL, NULL, false, 0, 0, 0);
insert into player_stats (game_id, player_id, position, sub_on, sub_off, red_card, yellow_card, assist, goal) values (42, 192, 'LWB', 58, NULL, false, 0, 1, 0);
insert into player_stats (game_id, player_id, position, sub_on, sub_off, red_card, yellow_card, assist, goal) values (42, 196, 'LM', 1, NULL, false, 0, 0, 0);
insert into player_stats (game_id, player_id, position, sub_on, sub_off, red_card, yellow_card, assist, goal) values (42, 193, 'LM', NULL, NULL, false, 0, 0, 0);
insert into player_stats (game_id, player_id, position, sub_on, sub_off, red_card, yellow_card, assist, goal) values (42, 194, 'RM', NULL, NULL, false, 0, 0, 1);
insert into player_stats (game_id, player_id, position, sub_on, sub_off, red_card, yellow_card, assist, goal) values (42, 195, 'CDM', NULL, NULL, false, 0, 0, 0);
insert into player_stats (game_id, player_id, position, sub_on, sub_off, red_card, yellow_card, assist, goal) values (42, 198, 'RW', NULL, NULL, false, 0, 0, 0);
insert into player_stats (game_id, player_id, position, sub_on, sub_off, red_card, yellow_card, assist, goal) values (42, 197, 'RW', NULL, NULL, false, 0, 0, 0);
insert into player_stats (game_id, player_id, position, sub_on, sub_off, red_card, yellow_card, assist, goal) values (42, 45, 'GK', NULL, NULL, false, 0, 0, 0);
insert into player_stats (game_id, player_id, position, sub_on, sub_off, red_card, yellow_card, assist, goal) values (42, 49, 'RB', NULL, NULL, false, 0, 0, 0);
insert into player_stats (game_id, player_id, position, sub_on, sub_off, red_card, yellow_card, assist, goal) values (42, 48, 'RWB', NULL, NULL, false, 0, 0, 0);
insert into player_stats (game_id, player_id, position, sub_on, sub_off, red_card, yellow_card, assist, goal) values (42, 46, 'RB', NULL, NULL, false, 1, 0, 0);
insert into player_stats (game_id, player_id, position, sub_on, sub_off, red_card, yellow_card, assist, goal) values (42, 47, 'LWB', NULL, NULL, false, 0, 0, 0);
insert into player_stats (game_id, player_id, position, sub_on, sub_off, red_card, yellow_card, assist, goal) values (42, 50, 'CM', NULL, NULL, false, 0, 0, 0);
insert into player_stats (game_id, player_id, position, sub_on, sub_off, red_card, yellow_card, assist, goal) values (42, 53, 'RM', NULL, NULL, false, 0, 0, 0);
insert into player_stats (game_id, player_id, position, sub_on, sub_off, red_card, yellow_card, assist, goal) values (42, 52, 'CM', NULL, NULL, false, 0, 0, 0);
insert into player_stats (game_id, player_id, position, sub_on, sub_off, red_card, yellow_card, assist, goal) values (42, 51, 'CDM', NULL, NULL, false, 0, 0, 0);
insert into player_stats (game_id, player_id, position, sub_on, sub_off, red_card, yellow_card, assist, goal) values (42, 55, 'ST', NULL, NULL, false, 0, 0, 1);
insert into player_stats (game_id, player_id, position, sub_on, sub_off, red_card, yellow_card, assist, goal) values (42, 54, 'RW', NULL, NULL, false, 0, 0, 0);
insert into player_stats (game_id, player_id, position, sub_on, sub_off, red_card, yellow_card, assist, goal) values (43, 100, 'GK', NULL, NULL, false, 0, 0, 0);
insert into player_stats (game_id, player_id, position, sub_on, sub_off, red_card, yellow_card, assist, goal) values (43, 104, 'LB', NULL, NULL, false, 1, 0, 0);
insert into player_stats (game_id, player_id, position, sub_on, sub_off, red_card, yellow_card, assist, goal) values (43, 102, 'RWB', NULL, NULL, false, 0, 0, 0);
insert into player_stats (game_id, player_id, position, sub_on, sub_off, red_card, yellow_card, assist, goal) values (43, 101, 'CB', NULL, NULL, false, 0, 0, 0);
insert into player_stats (game_id, player_id, position, sub_on, sub_off, red_card, yellow_card, assist, goal) values (43, 103, 'CB', NULL, NULL, false, 0, 0, 0);
insert into player_stats (game_id, player_id, position, sub_on, sub_off, red_card, yellow_card, assist, goal) values (43, 107, 'RM', NULL, NULL, false, 0, 0, 0);
insert into player_stats (game_id, player_id, position, sub_on, sub_off, red_card, yellow_card, assist, goal) values (43, 108, 'CDM', NULL, NULL, false, 1, 0, 0);
insert into player_stats (game_id, player_id, position, sub_on, sub_off, red_card, yellow_card, assist, goal) values (43, 105, 'CM', NULL, NULL, false, 0, 0, 0);
insert into player_stats (game_id, player_id, position, sub_on, sub_off, red_card, yellow_card, assist, goal) values (43, 106, 'RM', NULL, NULL, false, 0, 0, 0);
insert into player_stats (game_id, player_id, position, sub_on, sub_off, red_card, yellow_card, assist, goal) values (43, 109, 'ST', NULL, NULL, false, 0, 0, 0);
insert into player_stats (game_id, player_id, position, sub_on, sub_off, red_card, yellow_card, assist, goal) values (43, 110, 'RW', NULL, NULL, false, 0, 0, 0);
insert into player_stats (game_id, player_id, position, sub_on, sub_off, red_card, yellow_card, assist, goal) values (43, 111, 'GK', NULL, NULL, false, 0, 0, 0);
insert into player_stats (game_id, player_id, position, sub_on, sub_off, red_card, yellow_card, assist, goal) values (43, 115, 'CB', NULL, NULL, false, 0, 0, 0);
insert into player_stats (game_id, player_id, position, sub_on, sub_off, red_card, yellow_card, assist, goal) values (43, 114, 'LB', NULL, NULL, false, 0, 0, 0);
insert into player_stats (game_id, player_id, position, sub_on, sub_off, red_card, yellow_card, assist, goal) values (43, 113, 'RB', NULL, NULL, false, 0, 0, 0);
insert into player_stats (game_id, player_id, position, sub_on, sub_off, red_card, yellow_card, assist, goal) values (43, 112, 'RWB', NULL, NULL, false, 0, 0, 0);
insert into player_stats (game_id, player_id, position, sub_on, sub_off, red_card, yellow_card, assist, goal) values (43, 119, 'LM', NULL, NULL, false, 0, 0, 0);
insert into player_stats (game_id, player_id, position, sub_on, sub_off, red_card, yellow_card, assist, goal) values (43, 116, 'CDM', NULL, NULL, false, 0, 0, 0);
insert into player_stats (game_id, player_id, position, sub_on, sub_off, red_card, yellow_card, assist, goal) values (43, 117, 'CAM', 70, NULL, false, 0, 0, 0);
insert into player_stats (game_id, player_id, position, sub_on, sub_off, red_card, yellow_card, assist, goal) values (43, 118, 'CM', 34, NULL, false, 1, 0, 0);
insert into player_stats (game_id, player_id, position, sub_on, sub_off, red_card, yellow_card, assist, goal) values (43, 120, 'LW', NULL, NULL, false, 0, 0, 0);
insert into player_stats (game_id, player_id, position, sub_on, sub_off, red_card, yellow_card, assist, goal) values (43, 121, 'LW', NULL, NULL, false, 0, 0, 0);
insert into player_stats (game_id, player_id, position, sub_on, sub_off, red_card, yellow_card, assist, goal) values (44, 111, 'GK', NULL, NULL, false, 0, 1, 0);
insert into player_stats (game_id, player_id, position, sub_on, sub_off, red_card, yellow_card, assist, goal) values (44, 115, 'LB', NULL, NULL, false, 0, 1, 0);
insert into player_stats (game_id, player_id, position, sub_on, sub_off, red_card, yellow_card, assist, goal) values (44, 113, 'LB', NULL, NULL, false, 0, 0, 0);
insert into player_stats (game_id, player_id, position, sub_on, sub_off, red_card, yellow_card, assist, goal) values (44, 112, 'LB', NULL, NULL, false, 0, 0, 0);
insert into player_stats (game_id, player_id, position, sub_on, sub_off, red_card, yellow_card, assist, goal) values (44, 114, 'CB', NULL, NULL, false, 0, 0, 0);
insert into player_stats (game_id, player_id, position, sub_on, sub_off, red_card, yellow_card, assist, goal) values (44, 119, 'CAM', NULL, NULL, false, 0, 0, 0);
insert into player_stats (game_id, player_id, position, sub_on, sub_off, red_card, yellow_card, assist, goal) values (44, 117, 'LM', NULL, NULL, false, 0, 1, 0);
insert into player_stats (game_id, player_id, position, sub_on, sub_off, red_card, yellow_card, assist, goal) values (44, 116, 'LM', NULL, NULL, false, 0, 0, 0);
insert into player_stats (game_id, player_id, position, sub_on, sub_off, red_card, yellow_card, assist, goal) values (44, 118, 'CAM', NULL, NULL, false, 0, 0, 0);
insert into player_stats (game_id, player_id, position, sub_on, sub_off, red_card, yellow_card, assist, goal) values (44, 120, 'LW', NULL, NULL, false, 0, 0, 0);
insert into player_stats (game_id, player_id, position, sub_on, sub_off, red_card, yellow_card, assist, goal) values (44, 121, 'ST', NULL, NULL, false, 0, 0, 2);
insert into player_stats (game_id, player_id, position, sub_on, sub_off, red_card, yellow_card, assist, goal) values (44, 122, 'GK', NULL, NULL, false, 0, 0, 0);
insert into player_stats (game_id, player_id, position, sub_on, sub_off, red_card, yellow_card, assist, goal) values (44, 126, 'RWB', NULL, NULL, false, 1, 0, 0);
insert into player_stats (game_id, player_id, position, sub_on, sub_off, red_card, yellow_card, assist, goal) values (44, 124, 'CB', NULL, NULL, false, 0, 1, 0);
insert into player_stats (game_id, player_id, position, sub_on, sub_off, red_card, yellow_card, assist, goal) values (44, 125, 'CB', NULL, NULL, false, 0, 0, 0);
insert into player_stats (game_id, player_id, position, sub_on, sub_off, red_card, yellow_card, assist, goal) values (44, 123, 'CB', NULL, NULL, false, 0, 0, 0);
insert into player_stats (game_id, player_id, position, sub_on, sub_off, red_card, yellow_card, assist, goal) values (44, 127, 'LM', NULL, NULL, false, 1, 1, 0);
insert into player_stats (game_id, player_id, position, sub_on, sub_off, red_card, yellow_card, assist, goal) values (44, 129, 'CDM', NULL, NULL, true, 1, 0, 4);
insert into player_stats (game_id, player_id, position, sub_on, sub_off, red_card, yellow_card, assist, goal) values (44, 130, 'LM', NULL, NULL, false, 0, 0, 0);
insert into player_stats (game_id, player_id, position, sub_on, sub_off, red_card, yellow_card, assist, goal) values (44, 128, 'CM', NULL, NULL, false, 0, 0, 0);
insert into player_stats (game_id, player_id, position, sub_on, sub_off, red_card, yellow_card, assist, goal) values (44, 131, 'ST', NULL, NULL, false, 0, 0, 0);
insert into player_stats (game_id, player_id, position, sub_on, sub_off, red_card, yellow_card, assist, goal) values (44, 132, 'ST', 80, 87, false, 0, 1, 0);
insert into player_stats (game_id, player_id, position, sub_on, sub_off, red_card, yellow_card, assist, goal) values (45, 133, 'GK', NULL, NULL, false, 0, 0, 0);
insert into player_stats (game_id, player_id, position, sub_on, sub_off, red_card, yellow_card, assist, goal) values (45, 134, 'LWB', NULL, NULL, false, 0, 0, 0);
insert into player_stats (game_id, player_id, position, sub_on, sub_off, red_card, yellow_card, assist, goal) values (45, 135, 'RWB', 36, NULL, false, 0, 0, 0);
insert into player_stats (game_id, player_id, position, sub_on, sub_off, red_card, yellow_card, assist, goal) values (45, 136, 'CB', NULL, NULL, false, 0, 0, 0);
insert into player_stats (game_id, player_id, position, sub_on, sub_off, red_card, yellow_card, assist, goal) values (45, 137, 'LB', NULL, NULL, false, 0, 0, 0);
insert into player_stats (game_id, player_id, position, sub_on, sub_off, red_card, yellow_card, assist, goal) values (45, 140, 'RM', NULL, NULL, false, 0, 1, 0);
insert into player_stats (game_id, player_id, position, sub_on, sub_off, red_card, yellow_card, assist, goal) values (45, 139, 'CAM', NULL, NULL, false, 1, 0, 1);
insert into player_stats (game_id, player_id, position, sub_on, sub_off, red_card, yellow_card, assist, goal) values (45, 141, 'CDM', NULL, NULL, false, 0, 0, 0);
insert into player_stats (game_id, player_id, position, sub_on, sub_off, red_card, yellow_card, assist, goal) values (45, 138, 'LM', NULL, NULL, false, 0, 0, 1);
insert into player_stats (game_id, player_id, position, sub_on, sub_off, red_card, yellow_card, assist, goal) values (45, 142, 'CF', NULL, NULL, false, 0, 0, 0);
insert into player_stats (game_id, player_id, position, sub_on, sub_off, red_card, yellow_card, assist, goal) values (45, 143, 'ST', NULL, NULL, false, 1, 0, 1);
insert into player_stats (game_id, player_id, position, sub_on, sub_off, red_card, yellow_card, assist, goal) values (45, 144, 'GK', NULL, NULL, false, 0, 0, 0);
insert into player_stats (game_id, player_id, position, sub_on, sub_off, red_card, yellow_card, assist, goal) values (45, 147, 'RB', NULL, NULL, false, 0, 0, 0);
insert into player_stats (game_id, player_id, position, sub_on, sub_off, red_card, yellow_card, assist, goal) values (45, 146, 'RB', NULL, NULL, false, 0, 0, 0);
insert into player_stats (game_id, player_id, position, sub_on, sub_off, red_card, yellow_card, assist, goal) values (45, 145, 'LB', NULL, NULL, false, 0, 0, 0);
insert into player_stats (game_id, player_id, position, sub_on, sub_off, red_card, yellow_card, assist, goal) values (45, 148, 'RWB', NULL, NULL, false, 1, 0, 0);
insert into player_stats (game_id, player_id, position, sub_on, sub_off, red_card, yellow_card, assist, goal) values (45, 152, 'CDM', 69, 69, false, 0, 0, 0);
insert into player_stats (game_id, player_id, position, sub_on, sub_off, red_card, yellow_card, assist, goal) values (45, 151, 'CAM', NULL, NULL, false, 0, 0, 0);
insert into player_stats (game_id, player_id, position, sub_on, sub_off, red_card, yellow_card, assist, goal) values (45, 150, 'CDM', NULL, NULL, false, 0, 0, 0);
insert into player_stats (game_id, player_id, position, sub_on, sub_off, red_card, yellow_card, assist, goal) values (45, 149, 'CDM', NULL, NULL, false, 0, 0, 0);
insert into player_stats (game_id, player_id, position, sub_on, sub_off, red_card, yellow_card, assist, goal) values (45, 154, 'RW', NULL, NULL, false, 0, 1, 0);
insert into player_stats (game_id, player_id, position, sub_on, sub_off, red_card, yellow_card, assist, goal) values (45, 153, 'RW', NULL, NULL, false, 0, 0, 0);
insert into player_stats (game_id, player_id, position, sub_on, sub_off, red_card, yellow_card, assist, goal) values (46, 78, 'GK', NULL, NULL, false, 0, 0, 0);
insert into player_stats (game_id, player_id, position, sub_on, sub_off, red_card, yellow_card, assist, goal) values (46, 82, 'RWB', NULL, NULL, false, 0, 0, 0);
insert into player_stats (game_id, player_id, position, sub_on, sub_off, red_card, yellow_card, assist, goal) values (46, 81, 'CB', NULL, NULL, false, 0, 0, 0);
insert into player_stats (game_id, player_id, position, sub_on, sub_off, red_card, yellow_card, assist, goal) values (46, 80, 'LWB', NULL, NULL, false, 0, 1, 0);
insert into player_stats (game_id, player_id, position, sub_on, sub_off, red_card, yellow_card, assist, goal) values (46, 79, 'RWB', NULL, NULL, false, 0, 0, 0);
insert into player_stats (game_id, player_id, position, sub_on, sub_off, red_card, yellow_card, assist, goal) values (46, 86, 'CM', NULL, NULL, false, 0, 0, 0);
insert into player_stats (game_id, player_id, position, sub_on, sub_off, red_card, yellow_card, assist, goal) values (46, 85, 'RM', NULL, NULL, false, 0, 0, 1);
insert into player_stats (game_id, player_id, position, sub_on, sub_off, red_card, yellow_card, assist, goal) values (46, 83, 'LM', 3, NULL, false, 1, 0, 1);
insert into player_stats (game_id, player_id, position, sub_on, sub_off, red_card, yellow_card, assist, goal) values (46, 84, 'CAM', NULL, NULL, false, 0, 0, 0);
insert into player_stats (game_id, player_id, position, sub_on, sub_off, red_card, yellow_card, assist, goal) values (46, 88, 'CF', NULL, NULL, false, 0, 0, 0);
insert into player_stats (game_id, player_id, position, sub_on, sub_off, red_card, yellow_card, assist, goal) values (46, 87, 'ST', NULL, NULL, false, 0, 0, 1);
insert into player_stats (game_id, player_id, position, sub_on, sub_off, red_card, yellow_card, assist, goal) values (46, 89, 'GK', 49, NULL, false, 0, 0, 0);
insert into player_stats (game_id, player_id, position, sub_on, sub_off, red_card, yellow_card, assist, goal) values (46, 91, 'LWB', 6, NULL, false, 0, 0, 0);
insert into player_stats (game_id, player_id, position, sub_on, sub_off, red_card, yellow_card, assist, goal) values (46, 90, 'RWB', NULL, NULL, false, 0, 0, 0);
insert into player_stats (game_id, player_id, position, sub_on, sub_off, red_card, yellow_card, assist, goal) values (46, 93, 'LB', NULL, NULL, false, 0, 1, 0);
insert into player_stats (game_id, player_id, position, sub_on, sub_off, red_card, yellow_card, assist, goal) values (46, 92, 'CB', NULL, NULL, false, 0, 1, 0);
insert into player_stats (game_id, player_id, position, sub_on, sub_off, red_card, yellow_card, assist, goal) values (46, 94, 'RM', NULL, NULL, false, 0, 0, 0);
insert into player_stats (game_id, player_id, position, sub_on, sub_off, red_card, yellow_card, assist, goal) values (46, 97, 'CAM', 45, NULL, false, 0, 0, 0);
insert into player_stats (game_id, player_id, position, sub_on, sub_off, red_card, yellow_card, assist, goal) values (46, 96, 'CM', NULL, NULL, false, 0, 0, 0);
insert into player_stats (game_id, player_id, position, sub_on, sub_off, red_card, yellow_card, assist, goal) values (46, 95, 'CDM', NULL, NULL, false, 0, 0, 1);
insert into player_stats (game_id, player_id, position, sub_on, sub_off, red_card, yellow_card, assist, goal) values (46, 98, 'RW', 74, 79, false, 0, 0, 0);
insert into player_stats (game_id, player_id, position, sub_on, sub_off, red_card, yellow_card, assist, goal) values (46, 99, 'LW', 10, NULL, false, 0, 0, 0);
insert into player_stats (game_id, player_id, position, sub_on, sub_off, red_card, yellow_card, assist, goal) values (47, 67, 'GK', NULL, NULL, false, 0, 0, 0);
insert into player_stats (game_id, player_id, position, sub_on, sub_off, red_card, yellow_card, assist, goal) values (47, 71, 'LWB', 60, NULL, false, 0, 1, 0);
insert into player_stats (game_id, player_id, position, sub_on, sub_off, red_card, yellow_card, assist, goal) values (47, 68, 'LWB', NULL, NULL, false, 0, 0, 0);
insert into player_stats (game_id, player_id, position, sub_on, sub_off, red_card, yellow_card, assist, goal) values (47, 69, 'RB', NULL, NULL, false, 0, 0, 0);
insert into player_stats (game_id, player_id, position, sub_on, sub_off, red_card, yellow_card, assist, goal) values (47, 70, 'LB', NULL, NULL, false, 0, 0, 0);
insert into player_stats (game_id, player_id, position, sub_on, sub_off, red_card, yellow_card, assist, goal) values (47, 74, 'CM', NULL, NULL, false, 0, 1, 0);
insert into player_stats (game_id, player_id, position, sub_on, sub_off, red_card, yellow_card, assist, goal) values (47, 72, 'CAM', NULL, NULL, false, 0, 0, 1);
insert into player_stats (game_id, player_id, position, sub_on, sub_off, red_card, yellow_card, assist, goal) values (47, 73, 'LM', NULL, NULL, false, 0, 0, 0);
insert into player_stats (game_id, player_id, position, sub_on, sub_off, red_card, yellow_card, assist, goal) values (47, 75, 'RM', NULL, NULL, false, 0, 0, 0);
insert into player_stats (game_id, player_id, position, sub_on, sub_off, red_card, yellow_card, assist, goal) values (47, 76, 'LW', NULL, NULL, false, 0, 0, 1);
insert into player_stats (game_id, player_id, position, sub_on, sub_off, red_card, yellow_card, assist, goal) values (47, 77, 'ST', NULL, NULL, false, 0, 0, 0);
insert into player_stats (game_id, player_id, position, sub_on, sub_off, red_card, yellow_card, assist, goal) values (47, 89, 'GK', NULL, NULL, false, 0, 0, 0);
insert into player_stats (game_id, player_id, position, sub_on, sub_off, red_card, yellow_card, assist, goal) values (47, 90, 'CB', NULL, NULL, false, 0, 0, 0);
insert into player_stats (game_id, player_id, position, sub_on, sub_off, red_card, yellow_card, assist, goal) values (47, 91, 'CB', NULL, NULL, false, 0, 1, 0);
insert into player_stats (game_id, player_id, position, sub_on, sub_off, red_card, yellow_card, assist, goal) values (47, 93, 'RWB', NULL, NULL, false, 0, 0, 0);
insert into player_stats (game_id, player_id, position, sub_on, sub_off, red_card, yellow_card, assist, goal) values (47, 92, 'RB', 41, NULL, false, 0, 0, 0);
insert into player_stats (game_id, player_id, position, sub_on, sub_off, red_card, yellow_card, assist, goal) values (47, 95, 'CAM', NULL, NULL, false, 0, 0, 0);
insert into player_stats (game_id, player_id, position, sub_on, sub_off, red_card, yellow_card, assist, goal) values (47, 94, 'RM', NULL, NULL, false, 0, 0, 1);
insert into player_stats (game_id, player_id, position, sub_on, sub_off, red_card, yellow_card, assist, goal) values (47, 96, 'RM', NULL, NULL, false, 0, 0, 0);
insert into player_stats (game_id, player_id, position, sub_on, sub_off, red_card, yellow_card, assist, goal) values (47, 97, 'CM', NULL, NULL, false, 0, 0, 0);
insert into player_stats (game_id, player_id, position, sub_on, sub_off, red_card, yellow_card, assist, goal) values (47, 98, 'RW', NULL, NULL, false, 0, 0, 1);
insert into player_stats (game_id, player_id, position, sub_on, sub_off, red_card, yellow_card, assist, goal) values (47, 99, 'ST', NULL, NULL, false, 1, 0, 0);
insert into bet (bet_id, game_id, type_of_bet, coef_yes, coef_no) values (1, 1, 'total_2.5', 1.5, 2.68);
insert into bet (bet_id, game_id, type_of_bet, coef_yes, coef_no) values (2, 1, 'both_to_score', 1.99, 2.43);
insert into bet (bet_id, game_id, type_of_bet, coef_yes, coef_no) values (3, 2, 'total_2.5', 1.6, 2.45);
insert into bet (bet_id, game_id, type_of_bet, coef_yes, coef_no) values (4, 2, 'both_to_score', 1.67, 2.3);
insert into bet (bet_id, game_id, type_of_bet, coef_yes, coef_no) values (5, 3, 'total_2.5', 2.3, 2.06);
insert into bet (bet_id, game_id, type_of_bet, coef_yes, coef_no) values (6, 3, 'both_to_score', 2.34, 1.98);
insert into bet (bet_id, game_id, type_of_bet, coef_yes, coef_no) values (7, 4, 'total_2.5', 1.35, 2.67);
insert into bet (bet_id, game_id, type_of_bet, coef_yes, coef_no) values (8, 4, 'both_to_score', 1.52, 2.17);
insert into bet (bet_id, game_id, type_of_bet, coef_yes, coef_no) values (9, 5, 'total_2.5', 1.62, 2.26);
insert into bet (bet_id, game_id, type_of_bet, coef_yes, coef_no) values (10, 5, 'both_to_score', 1.75, 1.71);
insert into bet (bet_id, game_id, type_of_bet, coef_yes, coef_no) values (11, 6, 'total_2.5', 1.78, 2.54);
insert into bet (bet_id, game_id, type_of_bet, coef_yes, coef_no) values (12, 6, 'both_to_score', 2.07, 2.23);
insert into bet (bet_id, game_id, type_of_bet, coef_yes, coef_no) values (13, 7, 'total_2.5', 2.19, 2.02);
insert into bet (bet_id, game_id, type_of_bet, coef_yes, coef_no) values (14, 7, 'both_to_score', 2.03, 2.46);
insert into bet (bet_id, game_id, type_of_bet, coef_yes, coef_no) values (15, 8, 'total_2.5', 1.74, 2.71);
insert into bet (bet_id, game_id, type_of_bet, coef_yes, coef_no) values (16, 8, 'both_to_score', 1.83, 1.97);
insert into bet (bet_id, game_id, type_of_bet, coef_yes, coef_no) values (17, 9, 'total_2.5', 1.83, 2.18);
insert into bet (bet_id, game_id, type_of_bet, coef_yes, coef_no) values (18, 9, 'both_to_score', 2.14, 1.61);
insert into bet (bet_id, game_id, type_of_bet, coef_yes, coef_no) values (19, 10, 'total_2.5', 1.82, 1.76);
insert into bet (bet_id, game_id, type_of_bet, coef_yes, coef_no) values (20, 10, 'both_to_score', 2.22, 1.67);
insert into bet (bet_id, game_id, type_of_bet, coef_yes, coef_no) values (21, 11, 'total_2.5', 1.71, 2.74);
insert into bet (bet_id, game_id, type_of_bet, coef_yes, coef_no) values (22, 11, 'both_to_score', 2.14, 1.59);
insert into bet (bet_id, game_id, type_of_bet, coef_yes, coef_no) values (23, 12, 'total_2.5', 1.63, 2.41);
insert into bet (bet_id, game_id, type_of_bet, coef_yes, coef_no) values (24, 12, 'both_to_score', 2.07, 2.03);
insert into bet (bet_id, game_id, type_of_bet, coef_yes, coef_no) values (25, 13, 'total_2.5', 1.62, 2.87);
insert into bet (bet_id, game_id, type_of_bet, coef_yes, coef_no) values (26, 13, 'both_to_score', 1.78, 1.94);
insert into bet (bet_id, game_id, type_of_bet, coef_yes, coef_no) values (27, 14, 'total_2.5', 1.78, 2.7);
insert into bet (bet_id, game_id, type_of_bet, coef_yes, coef_no) values (28, 14, 'both_to_score', 1.77, 1.56);
insert into bet (bet_id, game_id, type_of_bet, coef_yes, coef_no) values (29, 15, 'total_2.5', 1.44, 2.26);
insert into bet (bet_id, game_id, type_of_bet, coef_yes, coef_no) values (30, 15, 'both_to_score', 1.65, 2.39);
insert into bet (bet_id, game_id, type_of_bet, coef_yes, coef_no) values (31, 16, 'total_2.5', 1.84, 1.86);
insert into bet (bet_id, game_id, type_of_bet, coef_yes, coef_no) values (32, 16, 'both_to_score', 1.77, 1.96);
insert into bet (bet_id, game_id, type_of_bet, coef_yes, coef_no) values (33, 17, 'total_2.5', 2.08, 1.98);
insert into bet (bet_id, game_id, type_of_bet, coef_yes, coef_no) values (34, 17, 'both_to_score', 1.46, 1.97);
insert into bet (bet_id, game_id, type_of_bet, coef_yes, coef_no) values (35, 18, 'total_2.5', 1.53, 2.5);
insert into bet (bet_id, game_id, type_of_bet, coef_yes, coef_no) values (36, 18, 'both_to_score', 2.13, 2.34);
insert into bet (bet_id, game_id, type_of_bet, coef_yes, coef_no) values (37, 19, 'total_2.5', 1.71, 2.4);
insert into bet (bet_id, game_id, type_of_bet, coef_yes, coef_no) values (38, 19, 'both_to_score', 1.93, 2.01);
insert into bet (bet_id, game_id, type_of_bet, coef_yes, coef_no) values (39, 20, 'total_2.5', 1.31, 2.54);
insert into bet (bet_id, game_id, type_of_bet, coef_yes, coef_no) values (40, 20, 'both_to_score', 2.19, 1.73);
insert into bet (bet_id, game_id, type_of_bet, coef_yes, coef_no) values (41, 21, 'total_2.5', 1.84, 1.76);
insert into bet (bet_id, game_id, type_of_bet, coef_yes, coef_no) values (42, 21, 'both_to_score', 2.16, 1.74);
insert into bet (bet_id, game_id, type_of_bet, coef_yes, coef_no) values (43, 22, 'total_2.5', 2.26, 1.87);
insert into bet (bet_id, game_id, type_of_bet, coef_yes, coef_no) values (44, 22, 'both_to_score', 2.15, 1.88);
insert into bet (bet_id, game_id, type_of_bet, coef_yes, coef_no) values (45, 23, 'total_2.5', 1.5, 2.48);
insert into bet (bet_id, game_id, type_of_bet, coef_yes, coef_no) values (46, 23, 'both_to_score', 2.09, 2.09);
insert into bet (bet_id, game_id, type_of_bet, coef_yes, coef_no) values (47, 24, 'total_2.5', 1.92, 1.78);
insert into bet (bet_id, game_id, type_of_bet, coef_yes, coef_no) values (48, 24, 'both_to_score', 1.84, 2.04);
insert into bet (bet_id, game_id, type_of_bet, coef_yes, coef_no) values (49, 25, 'total_2.5', 1.75, 2.63);
insert into bet (bet_id, game_id, type_of_bet, coef_yes, coef_no) values (50, 25, 'both_to_score', 1.81, 2.07);
insert into bet (bet_id, game_id, type_of_bet, coef_yes, coef_no) values (51, 26, 'total_2.5', 1.3, 2.43);
insert into bet (bet_id, game_id, type_of_bet, coef_yes, coef_no) values (52, 26, 'both_to_score', 2.16, 2.47);
insert into bet (bet_id, game_id, type_of_bet, coef_yes, coef_no) values (53, 27, 'total_2.5', 1.62, 2.67);
insert into bet (bet_id, game_id, type_of_bet, coef_yes, coef_no) values (54, 27, 'both_to_score', 2.22, 1.43);
insert into bet (bet_id, game_id, type_of_bet, coef_yes, coef_no) values (55, 28, 'total_2.5', 1.76, 2.64);
insert into bet (bet_id, game_id, type_of_bet, coef_yes, coef_no) values (56, 28, 'both_to_score', 2.54, 1.63);
insert into bet (bet_id, game_id, type_of_bet, coef_yes, coef_no) values (57, 29, 'total_2.5', 2.22, 2.01);
insert into bet (bet_id, game_id, type_of_bet, coef_yes, coef_no) values (58, 29, 'both_to_score', 2.51, 1.66);
insert into bet (bet_id, game_id, type_of_bet, coef_yes, coef_no) values (59, 30, 'total_2.5', 2.14, 2.35);
insert into bet (bet_id, game_id, type_of_bet, coef_yes, coef_no) values (60, 30, 'both_to_score', 2.22, 1.65);
insert into bet (bet_id, game_id, type_of_bet, coef_yes, coef_no) values (61, 31, 'total_2.5', 1.84, 2.33);
insert into bet (bet_id, game_id, type_of_bet, coef_yes, coef_no) values (62, 31, 'both_to_score', 1.79, 1.8);
insert into bet (bet_id, game_id, type_of_bet, coef_yes, coef_no) values (63, 32, 'total_2.5', 1.53, 2.47);
insert into bet (bet_id, game_id, type_of_bet, coef_yes, coef_no) values (64, 32, 'both_to_score', 1.55, 1.84);
insert into bet (bet_id, game_id, type_of_bet, coef_yes, coef_no) values (65, 33, 'total_2.5', 1.34, 2.71);
insert into bet (bet_id, game_id, type_of_bet, coef_yes, coef_no) values (66, 33, 'both_to_score', 2.05, 1.87);
insert into bet (bet_id, game_id, type_of_bet, coef_yes, coef_no) values (67, 34, 'total_2.5', 1.78, 2.39);
insert into bet (bet_id, game_id, type_of_bet, coef_yes, coef_no) values (68, 34, 'both_to_score', 2.02, 1.85);
insert into bet (bet_id, game_id, type_of_bet, coef_yes, coef_no) values (69, 35, 'total_2.5', 2.29, 2.16);
insert into bet (bet_id, game_id, type_of_bet, coef_yes, coef_no) values (70, 35, 'both_to_score', 2.0, 2.09);
insert into bet (bet_id, game_id, type_of_bet, coef_yes, coef_no) values (71, 36, 'total_2.5', 1.76, 2.51);
insert into bet (bet_id, game_id, type_of_bet, coef_yes, coef_no) values (72, 36, 'both_to_score', 1.54, 1.99);
insert into bet (bet_id, game_id, type_of_bet, coef_yes, coef_no) values (73, 37, 'total_2.5', 1.52, 2.51);
insert into bet (bet_id, game_id, type_of_bet, coef_yes, coef_no) values (74, 37, 'both_to_score', 1.47, 2.44);
insert into bet (bet_id, game_id, type_of_bet, coef_yes, coef_no) values (75, 38, 'total_2.5', 1.44, 2.26);
insert into bet (bet_id, game_id, type_of_bet, coef_yes, coef_no) values (76, 38, 'both_to_score', 1.63, 1.99);
insert into bet (bet_id, game_id, type_of_bet, coef_yes, coef_no) values (77, 39, 'total_2.5', 1.85, 2.14);
insert into bet (bet_id, game_id, type_of_bet, coef_yes, coef_no) values (78, 39, 'both_to_score', 1.53, 2.42);
insert into bet (bet_id, game_id, type_of_bet, coef_yes, coef_no) values (79, 40, 'total_2.5', 1.4, 2.46);
insert into bet (bet_id, game_id, type_of_bet, coef_yes, coef_no) values (80, 40, 'both_to_score', 1.93, 2.05);
insert into bet (bet_id, game_id, type_of_bet, coef_yes, coef_no) values (81, 41, 'total_2.5', 1.59, 2.56);
insert into bet (bet_id, game_id, type_of_bet, coef_yes, coef_no) values (82, 41, 'both_to_score', 2.18, 2.06);
insert into bet (bet_id, game_id, type_of_bet, coef_yes, coef_no) values (83, 42, 'total_2.5', 1.77, 2.37);
insert into bet (bet_id, game_id, type_of_bet, coef_yes, coef_no) values (84, 42, 'both_to_score', 1.67, 1.74);
insert into bet (bet_id, game_id, type_of_bet, coef_yes, coef_no) values (85, 43, 'total_2.5', 2.2, 2.11);
insert into bet (bet_id, game_id, type_of_bet, coef_yes, coef_no) values (86, 43, 'both_to_score', 2.11, 1.51);
insert into bet (bet_id, game_id, type_of_bet, coef_yes, coef_no) values (87, 44, 'total_2.5', 1.53, 2.84);
insert into bet (bet_id, game_id, type_of_bet, coef_yes, coef_no) values (88, 44, 'both_to_score', 1.95, 2.3);
insert into bet (bet_id, game_id, type_of_bet, coef_yes, coef_no) values (89, 45, 'total_2.5', 1.74, 2.32);
insert into bet (bet_id, game_id, type_of_bet, coef_yes, coef_no) values (90, 45, 'both_to_score', 2.16, 1.71);
insert into bet (bet_id, game_id, type_of_bet, coef_yes, coef_no) values (91, 46, 'total_2.5', 1.36, 2.6);
insert into bet (bet_id, game_id, type_of_bet, coef_yes, coef_no) values (92, 46, 'both_to_score', 1.81, 1.95);
insert into bet (bet_id, game_id, type_of_bet, coef_yes, coef_no) values (93, 47, 'total_2.5', 1.32, 2.51);
insert into bet (bet_id, game_id, type_of_bet, coef_yes, coef_no) values (94, 47, 'both_to_score', 1.72, 1.62);
